Date;Terakhir;Pembukaan;USD;Emas USD;Consumer Confidence;Interest Rate (%)
23/12/2016;576.13;573.42;13449;115.9;1133.6;4.75
27/12/2016;582.88;573.62;13442;115.9;1138.8;4.75
28/12/2016;594.3;587.15;13429;115.9;1140.9;4.75
29/12/2016;611.62;597.09;13490;115.9;1158.1;4.75
30/12/2016;613.8;612.84;13466;115.9;1151.7;4.75
02/01/2017;605.77;611.25;13258;115.4;1196.2;4.75
03/01/2017;601.68;607.7;13313;115.4;1212.9;4.75
11/01/2017;603.09;601;13349;115.4;1214.3;4.75
13/01/2017;608.34;605.38;13296;115.4;1212.1;4.75
16/01/2017;608.65;609.55;13370;115.4;1201.5;4.75
17/01/2017;604.3;607.02;13378;115.4;1204.9;4.75
18/01/2017;602.91;602.35;13406;115.4;1215.6;4.75
19/01/2017;603.83;605.64;13345;115.4;1210.8;4.75
20/01/2017;600.86;606.54;13342;115.4;1197.8;4.75
23/01/2017;605.6;602.3;13316;115.4;1189.8;4.75
24/01/2017;608.96;603.99;13387;115.4;1191.1;4.75
25/01/2017;610.11;613.39;13326;115.4;1196;4.75
26/01/2017;606.35;609.91;13338;115.4;1211.4;4.75
27/01/2017;613.54;610.6;13512;115.9;1208.3;4.75
30/01/2017;616.38;613.15;13360;115.4;1219.4;4.75
31/01/2017;627.67;626.63;13506;115.9;1250;4.75
02/02/2017;626.74;630.83;13346;115.4;1232.9;4.75
03/02/2017;698.6;702.13;13470;123.8;1218.9;4.75
06/02/2017;701.16;710.08;13494;123.8;1227.7;4.75
08/02/2017;707.25;705.37;13323;123.8;1230;4.75
10/02/2017;691.06;704.28;13285;123.8;1236.4;4.75
07/03/2017;686.16;692.73;13274;123.8;1258.7;4.75
08/03/2017;694.03;678.84;13318;123.8;1252.8;4.75
10/03/2017;719.51;690.79;13399;123.8;1253.6;4.75
07/04/2017;715.27;731.65;13328;123.8;1261.4;4.75
10/04/2017;708.41;721.04;13296;123.8;1255.5;4.75
12/04/2017;701.38;700.6;13296;123.8;1253.1;4.75
09/05/2017;702.67;703.12;13302;123.8;1268.1;4.75
10/05/2017;707.93;706.46;13288;123.8;1265.7;4.75
12/05/2017;704.84;704;13315;123.8;1265.7;4.75
15/05/2017;705.8;705.77;13319;123.8;1275.4;4.75
16/05/2017;714.47;713.34;13338;115.3;1280.2;4.75
17/05/2017;710.45;713.54;13283;115.3;1297.5;4.75
18/05/2017;714.26;711.4;13363;115.3;1293.2;4.75
19/05/2017;703.16;710.93;13333;115.3;1271.4;4.75
22/05/2017;707.6;701.34;13513;115.3;1268.9;4.75
23/05/2017;707.86;704.53;13314;115.3;1268.6;4.75
24/05/2017;720.95;706.93;13282;115.3;1275.9;4.75
26/05/2017;719.67;717.97;13286;115.3;1254.6;4.75
29/05/2017;712.3;720.17;13294;115.3;1256.5;4.75
30/05/2017;715.8;713.85;13277;115.3;1246.7;4.75
31/05/2017;722.16;715.74;13286;115.3;1243.5;4.75
06/06/2017;729.53;720.02;13291;115.3;1245.8;4.75
07/06/2017;728.56;728.87;13301;115.3;1249.4;4.75
09/06/2017;746.17;728.85;13342;115.3;1219.2;4.75
12/06/2017;742.92;741.23;13353;115.3;1221.7;4.75
13/06/2017;736.32;733.99;13259;125.9;1223.3;4.75
14/06/2017;737.36;733.9;13383;125.9;1209.7;4.75
15/06/2017;727.54;726.96;13483;125.9;1214.7;4.75
16/06/2017;736.91;724.51;13534;122.1;1219.1;4.75
19/06/2017;740.25;740.24;13363;122.1;1217.3;4.75
20/06/2017;740.28;740.22;13341;122.1;1227.5;4.75
21/06/2017;741.42;738.23;13332;122.1;1233.7;4.75
22/06/2017;739.47;735.82;13321;122.1;1241.9;4.75
06/07/2017;736.4;739.59;13302;122.1;1242;4.75
07/07/2017;738.01;736.56;13309;122.1;1245.5;4.75
12/07/2017;728.17;737.03;13303;122.1;1254.9;4.75
13/07/2017;736.77;727.67;13265;122.1;1254.3;4.75
14/07/2017;741.08;736.97;13316;122.1;1252.1;4.75
17/07/2017;743.83;739.86;13328;122.1;1249.4;4.75
18/07/2017;747;744.12;13329;122.1;1260;4.75
19/07/2017;744.96;749.51;13311;122.1;1275.3;4.75
20/07/2017;752.67;741.83;13320;122.1;1273.4;4.75
21/07/2017;750.83;751.47;13310;122.1;1278.4;4.5
24/07/2017;743.44;751.63;13336;117.1;1274.4;4.5
25/07/2017;755.55;745.77;13315;123.4;1262.6;4.5
26/07/2017;757.94;757.53;13289;123.4;1279.3;4.5
27/07/2017;750.54;755.1;13514;123.4;1294;4.5
28/07/2017;754.42;751.01;13351;123.4;1290.4;4.5
31/07/2017;755.1;754.68;13342;123.4;1279.7;4.5
08/08/2017;760.84;755.91;13354;123.4;1282.9;4.5
09/08/2017;754.75;755.17;13372;123.4;1291.6;4.5
11/08/2017;759.5;753.88;13355;123.4;1296.7;4.5
14/08/2017;761.03;758.52;13344;123.4;1291;4.5
15/08/2017;765.74;764.78;13325;123.4;1294.7;4.5
16/08/2017;760.39;766.3;13351;123.4;1292;4.5
18/08/2017;762.33;765.81;13333;123.4;1297.9;4.5
21/08/2017;761.83;760.36;13339;123.4;1315.3;4.5
22/08/2017;757.78;760.28;13303;123.4;1318.9;4.5
23/08/2017;759.23;758.86;13333;123.4;1314.1;4.5
24/08/2017;757.95;757.38;13334;123.4;1322.2;4.5
25/08/2017;754.34;754.54;13324;123.7;1342.6;4.25
28/08/2017;748.51;748.77;13293;123.7;1339;4.25
29/08/2017;753.98;747.84;13306;123.7;1351.2;4.25
30/08/2017;752.85;755.61;13503;123.7;1335.7;4.25
31/08/2017;753.51;753.13;13208;123.7;1328;4.25
06/09/2017;753.13;754.32;13242;123.7;1329.3;4.25
08/09/2017;755.45;752.12;13262;123.7;1325.2;4.25
11/09/2017;756.09;756.1;13252;123.7;1310.8;4.25
13/09/2017;759.87;755.29;13268;123.7;1310.6;4.25
14/09/2017;760.16;759.39;13256;123.7;1316.4;4.25
15/09/2017;779.69;761.71;13273;123.7;1297.5;4.25
18/09/2017;776.01;778.48;13306;123.7;1311.5;4.25
19/09/2017;771.97;777.35;13319;123.7;1301.7;4.25
20/09/2017;769.02;774.77;13375;123.7;1287.8;4.25
22/09/2017;761.35;766.76;13433;123.7;1288.7;4.25
25/09/2017;780.34;767.16;13508;123.7;1284.8;4.25
26/09/2017;780.19;784.5;13288;123.7;1275.8;4.25
27/09/2017;783.93;781.9;13403;123.7;1274.6;4.25
28/09/2017;782.52;788.42;13373;123.7;1276.8;4.25
29/09/2017;778.84;785.37;13359;123.7;1273.2;4.25
05/10/2017;779.02;777.19;13510;123.7;1293.8;4.25
10/10/2017;780.42;777.03;13527;123.7;1288.9;4.25
11/10/2017;788.56;792.41;13498;123.7;1304.6;4.25
13/10/2017;791.36;792.16;13492;123.7;1303;4.25
16/10/2017;791.58;795.47;13476;123.7;1286.2;4.25
17/10/2017;789.27;796.64;13495;123.7;1283;4.25
18/10/2017;790.12;791.15;13510;123.7;1290;4.25
19/10/2017;794.97;792.12;13490;123.7;1280.5;4.25
20/10/2017;797.58;799.21;13516;123.7;1280.9;4.25
23/10/2017;789.05;798.14;13535;123.7;1278.3;4.25
24/10/2017;799.9;791.78;13525;123.7;1279;4.25
25/10/2017;796.65;799.88;13572;123.7;1269.6;4.25
26/10/2017;788.41;796.9;13643;123.7;1271.8;4.25
27/10/2017;790.43;793.39;13588;123.7;1277.7;4.25
30/10/2017;796.88;799.39;13574;123.7;1270.5;4.25
31/10/2017;808.76;799.51;13291;115.4;1277.3;4.25
07/11/2017;812.45;812.64;13327;122.4;1283.7;4.25
08/11/2017;815.01;814.41;13197;122.4;1287.5;4.25
09/11/2017;811.02;817.7;13510;122.4;1274.2;4.25
10/11/2017;807.1;810.7;13512;122.4;1278.9;4.25
13/11/2017;799.26;805.98;13553;122.4;1282.9;4.25
14/11/2017;802.56;803.83;13545;122.4;1277.7;4.25
15/11/2017;826.71;817.51;13514;122.4;1296.5;4.25
17/11/2017;828.57;828.81;13508;122.4;1275.3;4.25
20/11/2017;824.6;830.54;13525;122.4;1281.7;4.25
21/11/2017;835.66;826.39;13519;122.4;1292.2;4.25
22/11/2017;832.48;836.64;13491;122.4;1287.3;4.25
23/11/2017;831.57;833.2;13489;122.4;1289.2;4.25
24/11/2017;830.49;827.48;13498;122.4;1294.4;4.25
27/11/2017;837.57;830.87;13511;122.4;1294.9;4.25
28/11/2017;830.59;839.24;13500;122.4;1286.2;4.25
29/11/2017;813.55;831.6;13504;122.4;1276.7;4.25
30/11/2017;825.72;830.83;13291;122.4;1277.7;4.25
05/12/2017;834.15;832.67;13312;122.4;1264.9;4.25
06/12/2017;847.2;836.78;13295;122.4;1266.1;4.25
07/12/2017;835.78;846.11;13349;122.4;1253.1;4.25
12/12/2017;846.86;849.61;13552;122.4;1241.7;4.25
13/12/2017;847.4;844.33;13551;122.4;1248.6;4.25
14/12/2017;851.31;846.95;13540;122.4;1257.1;4.25
15/12/2017;846.43;846.56;13554;122.4;1257.5;4.25
18/12/2017;848.94;840.93;13568;122.4;1265.5;4.25
19/12/2017;855.75;846.78;13580;122.4;1264.2;4.25
20/12/2017;850.83;856.53;13575;122.4;1269.6;4.25
21/12/2017;861.47;857.27;13573;122.4;1270.6;4.25
22/12/2017;870.59;863.03;13562;122.4;1278.8;4.25
27/12/2017;889.15;871.37;13552;122.4;1291.4;4.25
28/12/2017;899.14;890.64;13558;122.4;1297.2;4.25
29/12/2017;900.64;904.21;13558;122.4;1309.3;4.25
02/01/2018;895.4;903.08;13383;122.4;1316.1;4.25
03/01/2018;886.42;895.71;13756;122.4;1318.5;4.25
08/01/2018;891.48;888.42;13901;122.4;1322.3;4.25
10/01/2018;894.64;892.88;14409.2;122.4;1320.4;4.25
11/01/2018;891.37;895.36;14902;122.4;1319.3;4.25
15/01/2018;899.25;892.86;15196;122.4;1322.5;4.25
16/01/2018;902.87;899.13;13295;122.4;1337.1;4.25
17/01/2018;909.7;900.53;13305;122.4;1339.3;4.25
18/01/2018;903.39;911.79;13306;122.4;1339.2;4.25
19/01/2018;908.04;906.46;13336;122.4;1327.2;4.25
22/01/2018;905.18;910.33;13334;122.4;1333.1;4.25
23/01/2018;905.64;908.03;13325;122.4;1331.9;4.25
24/01/2018;930.67;912.68;13342;122.4;1336.7;4.25
25/01/2018;927.14;929.27;13336;122.4;1356.3;4.25
26/01/2018;919.96;928.85;13298;122.4;1362.9;4.25
29/01/2018;928.87;922.97;13299;122.4;1352.1;4.25
30/01/2018;927.89;930.77;13296;122.4;1340.3;4.25
31/01/2018;916.19;923.33;13367;122.4;1340;4.25
01/02/2018;920.7;912.42;13421;122.4;1343.1;4.25
02/02/2018;928.7;924.91;13550;122.4;1347.9;4.25
05/02/2018;936.69;935.27;13386;122.4;1337.3;4.25
07/02/2018;936.44;924;13982.3;122.4;1336.5;4.25
08/02/2018;928.06;925.53;14317;122.4;1314.6;4.25
13/02/2018;933.6;929.42;14489;122.4;1319;4.25
14/02/2018;949.65;941.11;13643;122.4;1330.4;4.25
15/02/2018;947.77;950.37;13640;122.4;1358;4.25
19/02/2018;942.23;952.27;13622;122.4;1355.3;4.25
20/02/2018;961.26;947.09;13552;122.4;1331.2;4.25
21/02/2018;967.71;959.14;13554;122.4;1331.2;4.25
22/02/2018;962.52;963.15;13608;122.4;1332.1;4.25
23/02/2018;949.99;963.61;13612;122.4;1332.7;4.25
26/02/2018;954.63;950.9;13676;122.4;1330.3;4.25
27/02/2018;934.57;952.14;13652;122.4;1332.8;4.25
28/02/2018;941.35;940.05;13651;122.4;1318.6;4.25
01/03/2018;932.45;940.14;13694;122.4;1317.9;4.25
05/03/2018;933.36;934.43;13496;122.4;1305.2;4.25
07/03/2018;923;931.41;14002.3;122.4;1319.9;4.25
08/03/2018;898.29;914.5;14347;122.4;1327.6;4.25
09/03/2018;922.55;910.58;14521;122.4;1321.7;4.25
12/03/2018;917.3;918.51;14723;122.4;1324;4.25
13/03/2018;931.42;921.77;14296;122.4;1320.8;4.25
14/03/2018;924.33;929.06;13755;122.4;1327.1;4.25
15/03/2018;925.84;924.46;13740;122.4;1325.6;4.25
16/03/2018;911.8;922.11;13725;122.4;1317.8;4.25
19/03/2018;912.02;913.14;13758;122.4;1312.3;4.25
20/03/2018;917.68;914.79;13748;122.4;1317.8;4.25
21/03/2018;915.44;915.34;13771;122.4;1311.9;4.25
22/03/2018;925.14;919.07;13743;122.4;1321.5;4.25
23/03/2018;908.62;927.7;13705;122.4;1327.4;4.25
26/03/2018;906.42;888.98;13754;122.4;1349.9;4.25
27/03/2018;903.33;895.39;13762;122.4;1355;4.25
28/03/2018;902.5;913.47;13718;122.4;1342;4.25
29/03/2018;888.34;901.72;13740;122.4;1324.2;4.25
04/04/2018;890.69;886.33;13756;122.4;1327.3;4.25
05/04/2018;875.28;896.11;13741;122.4;1340.2;4.25
06/04/2018;870.86;884.07;13931;122.2;1328.5;4.25
09/04/2018;866.41;869.48;13938;122.2;1336.1;4.25
10/04/2018;872.78;873.6;14832;122.2;1340.1;4.25
12/04/2018;892.57;874.44;15139.2;122.4;1345.9;4.25
13/04/2018;895.17;901.66;14339;122.4;1341.9;4.25
16/04/2018;890.94;900.05;13767;122.4;1347.9;4.25
17/04/2018;892.22;892.02;13733;122.4;1350.7;4.25
18/04/2018;890.23;892.52;13766;122.4;1349.5;4.25
19/04/2018;899.52;895.24;13757;122.4;1353.5;4.25
20/04/2018;899.01;900.93;13769;122.4;1348.8;4.25
23/04/2018;900.25;902.05;13800;122.4;1338.3;4.25
24/04/2018;891.94;895.5;13899;122.4;1324;4.25
25/04/2018;872.94;892.46;13961;122.4;1333;4.25
26/04/2018;830.88;868.75;13872;122.4;1322.8;4.25
27/04/2018;800.39;825.09;13919;122.4;1317.9;4.25
30/04/2018;808.31;813.18;13879;122.4;1323.4;4.25
01/05/2018;824.03;812.72;13870;122.4;1319.2;4.25
02/05/2018;835;824.65;13411;126.1;1305.6;4.75
03/05/2018;809.22;830.12;13751;126.1;1312.7;4.75
04/05/2018;788.55;807.35;13751;121.6;1314.7;4.75
07/05/2018;797.82;791.59;14400;121.6;1314.1;4.75
09/05/2018;828.97;788.97;14930;121.6;1313;4.75
10/05/2018;828.04;833.17;14946;119.2;1320.7;4.75
11/05/2018;830.6;823.77;13943;119.2;1318.2;4.75
14/05/2018;801.42;823.86;13963;119.2;1290.3;4.75
15/05/2018;802.41;789.05;14030;119.2;1291.5;4.75
16/05/2018;786.96;802.65;14149.2;119.2;1289.4;4.75
17/05/2018;779.5;789.45;14153.5;119.2;1291.3;4.75
18/05/2018;761.29;772.56;14163;119.2;1290.9;4.75
21/05/2018;757.67;767.53;14220;119.2;1292;4.75
22/05/2018;775.81;765.1;14200.8;119.2;1289.6;4.75
23/05/2018;806.37;789.07;14169;119.2;1304.4;4.75
24/05/2018;815.23;809.46;14124;119.2;1303.7;4.75
25/05/2018;843.33;818.84;14078;119.2;1299;4.75
28/05/2018;831.8;838.12;14029;119.2;1306.5;4.75
30/05/2018;819.95;840.35;13977;119.2;1304.7;4.75
31/05/2018;834.97;826.85;13760;119.2;1297.3;5.25
04/06/2018;834.67;827.94;13870;125.1;1301.4;5.25
06/06/2018;844.94;839.48;14378.8;125.1;1303;5.25
07/06/2018;812.98;839.35;14486;124.8;1302.7;5.25
08/06/2018;778.07;797.17;13923;124.8;1274.5;5.25
11/06/2018;769.68;779.19;13923;124.8;1270.5;5.25
12/06/2018;784.67;771.68;14088;124.8;1270.7;5.25
20/06/2018;781.79;786.86;14073;124.8;1268.9;5.25
21/06/2018;762.25;771.65;14148;124.8;1259.9;5.25
22/06/2018;760.53;766.83;14188;124.8;1256.1;5.25
25/06/2018;742.81;761.93;14235;124.8;1251;5.25
26/06/2018;767.81;752.64;14350;124.8;1254.5;5.25
27/06/2018;760.11;776.86;13544;124.8;1241.7;5.25
28/06/2018;741.47;761.06;13759;124.8;1253.5;5.25
29/06/2018;759.64;758.12;13933;122.5;1261.7;5.25
02/07/2018;743.88;753.83;13822;125.1;1255.8;5.25
03/07/2018;773.27;750.43;14893;121.6;1259.6;5.25
05/07/2018;775.43;764.13;14830;119.2;1244.4;5.25
06/07/2018;781.38;770.04;14528;122.7;1246.6;5.25
09/07/2018;791.19;783.15;14385;128.1;1241.2;5.25
11/07/2018;792.72;792.87;14373;128.1;1239.7;5.25
12/07/2018;776.94;784.79;14365.5;128.1;1227.3;5.25
13/07/2018;783.12;779.6;14377;128.1;1227.9;5.25
16/07/2018;784;786.42;14441;128.1;1224;5.25
17/07/2018;784.85;783.98;14468;128.1;1231.1;5.25
18/07/2018;794.06;788.97;14473;128.1;1225.6;5.25
19/07/2018;798.82;799.71;14567.5;128.1;1225.5;5.25
20/07/2018;796.76;797.65;14543.3;128.1;1231.8;5.25
23/07/2018;799.84;797.36;14465;128.1;1225.7;5.25
24/07/2018;800.83;801.7;14525;128.1;1232.7;5.25
25/07/2018;805.4;803.72;14411;128.1;1231.5;5.25
26/07/2018;802.75;804.71;14403;128.1;1233.6;5.25
27/07/2018;825.98;805.63;13427;126.4;1227.6;5.5
30/07/2018;830.12;827.78;13641;126.1;1220.1;5.5
31/07/2018;839.9;830.19;13745;122.5;1223.2;5.5
01/08/2018;856.97;841.5;13863;125.1;1217.7;5.5
02/08/2018;853.32;856.5;14422;124.8;1221;5.5
03/08/2018;856.58;854.71;15173;122.4;1219;5.5
06/08/2018;816.39;841.75;14473;124.8;1198.9;5.5
08/08/2018;809.4;813.1;14594;124.8;1200.7;5.5
10/08/2018;816.9;813.05;14642;124.8;1185;5.5
13/08/2018;800.1;812.57;14555.8;124.8;1184;5.5
14/08/2018;817.66;811.39;14572;124.8;1194.6;5.5
15/08/2018;818.43;814.86;14562;124.8;1200;5.5
16/08/2018;839.51;821.83;14572;124.8;1194;5.5
20/08/2018;842.76;837.73;14664;124.8;1213.3;5.5
21/08/2018;854.08;848.27;14559;124.8;1216;5.5
23/08/2018;856.09;856.56;14551;124.8;1214.4;5.5
24/08/2018;851.61;845.31;14653;124.8;1211.5;5.5
27/08/2018;843.39;854.58;14618;124.8;1205;5.5
28/08/2018;841.04;836.83;14751;124.8;1206.7;5.5
29/08/2018;836.44;844.13;13786;122.5;1199.1;5.75
30/08/2018;824.74;838.45;13763;121.6;1196.6;5.75
31/08/2018;791.18;816.04;14264.1;122.2;1201.3;5.75
03/09/2018;818.87;810.61;14307;128.1;1200.4;5.75
04/09/2018;812;811.36;15400;128.1;1199.8;5.75
05/09/2018;807.34;801.29;14807;128.1;1208.2;5.75
07/09/2018;818.8;811.07;14740;128.1;1201.1;5.75
10/09/2018;801.7;813;14807;128.1;1205.8;5.75
11/09/2018;799.58;799.29;14907.1;128.1;1202.9;5.75
13/09/2018;804.64;804.17;14867;128.1;1208.3;5.75
14/09/2018;816.16;811.14;14880;128.1;1211.3;5.75
17/09/2018;823.57;822.45;14832;128.1;1201.3;5.75
18/09/2018;813.07;825.57;14812;128.1;1204.4;5.75
19/09/2018;811.62;810.92;14861;128.1;1205.1;5.75
20/09/2018;812.15;808.43;15021.5;128.1;1199.1;5.75
21/09/2018;815.52;809.36;14985;128.1;1187.4;5.75
24/09/2018;825.82;815.16;14918.8;128.1;1196.2;5.75
25/09/2018;824.46;821.27;13430;128.1;1191.7;5.75
26/09/2018;791.2;808.86;13768;128.1;1201.6;5.75
27/09/2018;784.88;790.37;14073;128.1;1205.6;5.75
28/09/2018;788.1;784.21;14472;128.1;1188.6;5.75
01/10/2018;798.75;788.66;14813;128.1;1191.5;5.75
04/10/2018;797.67;802.92;15223;128.1;1193.4;5.75
08/10/2018;788.28;778.75;14463;128.1;1222;5.75
09/10/2018;798.36;794.58;15198;128.1;1230.3;5.75
10/10/2018;807.09;799.33;15193.8;128.1;1231;5.75
12/10/2018;813.47;814.92;15193;128.1;1227.4;5.75
15/10/2018;806.56;808.88;15264.3;128.1;1230.1;5.75
16/10/2018;797.72;799.2;15328.5;128.1;1228.7;5.75
17/10/2018;796.82;797.47;15181;128.1;1224.6;5.75
18/10/2018;791.02;799.02;15264.7;128.1;1236.8;5.75
19/10/2018;778.11;790.22;15183;128.1;1231.1;5.75
22/10/2018;787.52;766.5;15269.5;128.1;1232.4;5.75
23/10/2018;794.76;790.23;15257.3;128.1;1235.8;5.75
24/10/2018;784.47;791.75;15210;128.1;1227.6;5.75
25/10/2018;798.73;787.47;15297.8;128.1;1225.3;5.75
26/10/2018;818.1;804.81;15273.1;128.1;1215;5.75
29/10/2018;833.42;825.09;13441;128.1;1238.6;6
30/10/2018;849.33;847.05;14073;128.1;1232.3;6
31/10/2018;856.76;854.65;13866;128.1;1226.3;6
01/11/2018;856.26;861.05;14375;128.1;1228.7;6
05/11/2018;852.43;859.18;14844.5;128.1;1208.6;6
07/11/2018;834.06;851.36;14548;128.1;1203.5;6
12/11/2018;849.69;828.81;14808;128.1;1201.4;6
13/11/2018;849.83;852.67;14794.3;128.1;1210.1;6
14/11/2018;864.95;855.95;14813.3;128.1;1215;6
15/11/2018;880.45;870.46;14562.2;128.1;1223;6
16/11/2018;887.79;886.75;14605;128.1;1225.3;6
19/11/2018;871.92;871.99;14664.3;128.1;1228;6
21/11/2018;886.4;870.32;14630;128.1;1223.2;6
22/11/2018;881.46;888.62;14600;128.1;1226.6;6
23/11/2018;888.46;874.68;14533;128.1;1222.4;6
26/11/2018;900.22;883.57;14526.9;128.1;1213.4;6
27/11/2018;900.82;907.07;14575.5;128.1;1223.6;6
28/11/2018;923.49;908.21;14459.8;128.1;1230.4;6
29/11/2018;907.46;917.49;14356;128.1;1226;6
30/11/2018;916.71;919.78;13772;128.1;1239.6;6
03/12/2018;924.38;914.2;13753.5;128.1;1246.6;6
04/12/2018;914.98;907.98;13923;128.1;1243.6;6
07/12/2018;908.41;911.44;14378;128.1;1252.6;6
10/12/2018;904.66;899.15;15299.2;128.1;1249.4;6
11/12/2018;902.95;901.98;14678;128.1;1247.2;6
12/12/2018;904.37;906.07;14637.4;128.1;1250;6
13/12/2018;915.44;911.51;14579.8;128.1;1247.4;6
14/12/2018;912.06;912.96;14550;128.1;1241.4;6
17/12/2018;901.51;908.35;14578;128.1;1251.8;6
18/12/2018;896.58;890.58;14588.7;128.1;1253.6;6
19/12/2018;911.88;893.9;14490;128.1;1256.4;6
20/12/2018;899.64;900.72;14493;128.1;1267.9;6
21/12/2018;899.68;890.58;14534.8;128.1;1258.1;6
26/12/2018;901.55;892.82;14710;128.1;1273;6
27/12/2018;906.89;909.27;14609.4;128.1;1281.1;6
28/12/2018;910.52;910.3;14561.6;128.1;1283;6
02/01/2019;909.32;908.24;13966;128.1;1284.1;6
03/01/2019;903.93;903.57;14194;128.1;1294.8;6
04/01/2019;915.51;903.57;14233;128.1;1285.8;6
07/01/2019;920.41;924.11;14121;128.1;1289.9;6
08/01/2019;921.47;919.65;14165;128.1;1285.9;6
10/01/2019;934.43;935.46;14219.4;128.1;1287.4;6
11/01/2019;935.65;938.81;14123.5;128.1;1289.5;6
14/01/2019;935.72;935.34;14038;128.1;1291.3;6
15/01/2019;944.63;937.59;14117;128.1;1288.4;6
16/01/2019;948.53;945.75;14111;128.1;1293.8;6
17/01/2019;953.91;949.46;14140;128.1;1292.3;6
18/01/2019;961.77;958.1;14173;128.1;1282.6;6
21/01/2019;965.5;957.71;14168;128.1;1283.4;6
22/01/2019;970.28;965.44;14307;128.1;1285.8;6
23/01/2019;956.36;964.88;14208;128.1;1284;6
24/01/2019;955.2;951.01;14130.9;128.1;1279.8;6
25/01/2019;955.46;953.95;14189;128.1;1298.1;6
28/01/2019;949.83;954.79;14078;128.1;1303.1;6
29/01/2019;944.97;946.21;14063;128.1;1308.9;6
30/01/2019;951.28;945.8;14074;128.1;1315.5;6
31/01/2019;970.87;956.27;14033;128.1;1325.2;6
01/02/2019;980.85;976.97;14460;128.1;1322.1;6
04/02/2019;964.46;980.43;14240;128.1;1319.3;6
05/02/2019;970.26;970.63;14150;128.1;1314.2;6
07/02/2019;969.02;963.6;14329;128.1;1318.5;6
08/02/2019;956.49;972.71;13868.35;128.1;1314;6
12/02/2019;945.52;958.62;14012.7;128.1;1315.1;6
13/02/2019;942.59;948.73;14151;128.1;1313.9;6
14/02/2019;939.68;943.18;14083;128.1;1322.1;6
15/02/2019;956.71;947.2;14136;128.1;1344.8;6
18/02/2019;951.89;956.81;14192.5;128.1;1344.8;6
19/02/2019;956.12;957.68;14096.5;128.1;1347.9;6
20/02/2019;964.45;956.17;14033;128.1;1327.8;6
21/02/2019;955.37;958.21;14120;128.1;1332.8;6
22/02/2019;962.91;959.52;14051;128.1;1329.5;6
25/02/2019;966.8;964.14;14011;128.1;1328.5;6
26/02/2019;960.78;963.05;13960;128.1;1321.2;6
27/02/2019;950.73;961.13;14015;128.1;1316.1;6
28/02/2019;953.09;955.74;14409.7;128.1;1299.2;6
01/03/2019;949.66;953.12;14213;128.1;1287.5;6
05/03/2019;938.9;947.32;14244;128.1;1284.7;6
07/03/2019;945.86;945.06;14268;128.1;1287.6;6
12/03/2019;927.75;936.87;14123.28;128.1;1298.1;6
13/03/2019;927.91;924.57;14258;128.1;1309.3;6
14/03/2019;937.16;926.02;14258;128.1;1295.1;6
15/03/2019;952.68;942.11;14287;128.1;1302.9;6
18/03/2019;961.12;958.24;14251;128.1;1301.5;6
19/03/2019;962.73;963.01;14251;128.1;1306.5;6
20/03/2019;966.15;963.85;14223;128.1;1301.7;6
21/03/2019;969.12;968.79;14055;128.1;1307.3;6
22/03/2019;976.12;970.53;14133;128.1;1312.3;6
25/03/2019;960.01;963.69;14158;128.1;1322.6;6
26/03/2019;969.25;967.28;14173;128.1;1315;6
27/03/2019;962.04;972.28;14163;128.1;1310.4;6
28/03/2019;975;967.6;14346;128.1;1295.3;6
29/03/2019;980.59;972.68;14235;128.1;1298.5;6
01/04/2019;976.49;983.18;14375.4;128.1;1294.2;6
02/04/2019;981.06;984.88;13933;128.1;1295.4;6
03/04/2019;995.47;987.39;14210;128.1;1294.3;6
04/04/2019;999.63;994.42;14260.7;128.1;1308.3;6
09/04/2019;1000.62;999.28;14166;128.1;1313.9;6
10/04/2019;991.41;1000.86;14014;118.4;1293.3;6
11/04/2019;989.4;987.57;14098;118.4;1295.2;6
12/04/2019;992.71;996.65;14086;118.4;1291.3;6
15/04/2019;997.52;991.47;14155.5;118.4;1277.2;6
16/04/2019;1014.94;1017.06;14078;118.4;1276;6
18/04/2019;1009.82;1014.71;14036;118.4;1277.6;6
22/04/2019;1009.93;1009.44;14061.5;118.4;1273.2;6
23/04/2019;1006.02;1010.66;14061;118.4;1279.4;6
24/04/2019;998.26;997.59;14154;118.4;1279.7;6
25/04/2019;1003.84;990.11;14306.5;118.4;1288.8;6
26/04/2019;1009.8;1000.97;14165;118.4;1281.5;6
29/04/2019;1013.6;1013.08;14191;118.4;1285.7;6
30/04/2019;998.34;1018.41;13957.5;118.4;1272;6
03/05/2019;989.68;995.43;14205;118.4;1281.3;6
07/05/2019;967.26;975.28;14260;118.4;1283.8;6
08/05/2019;974.94;972.94;14150;118.4;1285.6;6
09/05/2019;968.58;966.08;14173;124.8;1281.4;6
13/05/2019;956.33;960.51;14146;123.1;1285.2;6
14/05/2019;950.78;961.4;14318;123.1;1301.8;6
15/05/2019;937.5;939.43;14497.4;123.1;1296.3;6
16/05/2019;922.17;943.2;14423;123.1;1297.8;6
17/05/2019;905.27;923.36;14540;123.1;1286.2;6
20/05/2019;886.75;914.67;14569.5;123.1;1275.7;6
21/05/2019;903.47;885.63;14443;123.1;1277.3;6
23/05/2019;911.52;913.45;14448;123.1;1273.2;6
24/05/2019;933.89;913.93;14518;123.1;1285.4;6
27/05/2019;938.34;930.29;14453;123.1;1283.6;6
28/05/2019;949.19;934.63;14386;123.1;1277.1;6
29/05/2019;929.69;946.79;14445;123.1;1280.1;6
31/05/2019;942.48;940.22;14468;123.1;1281;6
03/06/2019;963.55;947.12;14401;123.1;1311.1;6
05/06/2019;985.06;985.2;14028.5;123.1;1331.2;6
11/06/2019;979.65;977.5;14058;123.1;1336.8;6
12/06/2019;977.5;984.51;14262;123.1;1343.7;6
13/06/2019;976.19;978.8;14273;123.1;1344.5;6
14/06/2019;970.59;979.73;14318;123.1;1342.9;6
17/06/2019;985.11;969.36;14413.5;123.1;1350.7;6
18/06/2019;997.35;990.98;14289.5;123.1;1348.8;6
19/06/2019;995.65;998.85;14280;123.1;1396.9;6
20/06/2019;996.37;996.38;14142;123.1;1400.1;6
21/06/2019;994.27;992.98;14148;123.1;1418.2;6
24/06/2019;997.29;1001.88;14183;123.1;1418.7;6
25/06/2019;996.14;996.71;14118;123.1;1415.4;6
26/06/2019;1003.2;997.93;14215.5;123.1;1412;6
27/06/2019;1009.59;1006.33;14184.5;123.1;1413.7;6
28/06/2019;1013.62;1013.58;14267;127;1389.3;5.75
01/07/2019;1012.95;1014.57;13915;127;1408;5.75
02/07/2019;1010.8;1007.11;14214.5;127;1420.9;5.75
05/07/2019;1005.19;1012;14286;127;1403.4;5.75
08/07/2019;1001.89;999.22;14258;127;1400;5.75
10/07/2019;1014.84;1011.22;14128;127;1412.5;5.75
11/07/2019;1021.42;1019.45;14008;127;1406.7;5.75
15/07/2019;1031.43;1028.12;14000;127;1413.5;5.75
16/07/2019;1028.98;1026.53;13913;127;1411.2;5.75
17/07/2019;1029.6;1024.32;14008.5;127;1423.3;5.75
18/07/2019;1020.57;1023.81;14023;127;1428.1;5.75
19/07/2019;1027.28;1022.41;13970;127;1426.7;5.75
22/07/2019;1029.39;1030.11;13941;127;1426.9;5.75
23/07/2019;1022.31;1028.04;13997;127;1421.7;5.75
24/07/2019;1018.17;1024.9;14039;127;1423.6;5.75
25/07/2019;1020.27;1021.21;14027.5;127;1414.7;5.75
26/07/2019;1011.87;1013.43;14052.7;127;1419.3;5.75
29/07/2019;1013.02;1017.18;13997;127;1420.4;5.75
30/07/2019;1024.23;1015.78;14066;127;1441.8;5.75
31/07/2019;1023.33;1021.21;14066.4;127;1437.8;5.75
01/08/2019;1017.22;1021.57;14083;127;1432.4;5.5
02/08/2019;1008.26;1008.83;13966;127;1457.5;5.5
05/08/2019;975.46;1006.4;14346.3;127;1476.5;5.5
07/08/2019;975.66;963.19;14076;126.4;1519.6;5.5
08/08/2019;984.31;978.1;14274.5;126.4;1509.5;5.5
13/08/2019;978.95;985.09;14241;126.4;1514.1;5.5
14/08/2019;989.71;987.82;14232.8;126.4;1527.8;5.5
15/08/2019;982.05;971.66;14238;126.4;1531.2;5.5
16/08/2019;975.41;984.56;14333;126.4;1523.6;5.5
19/08/2019;976.51;977.44;14228;126.4;1511.6;5.5
20/08/2019;968.87;979.95;14337.3;126.4;1515.7;5.5
21/08/2019;958.59;968.22;14326.1;126.4;1515.7;5.5
22/08/2019;962.14;958.47;14275;126.4;1508.5;5.5
23/08/2019;961.47;955.78;14228;126.4;1537.6;5.5
26/08/2019;957.25;951.3;14206;126.4;1537.2;5.5
27/08/2019;964.4;963.36;14253.8;126.4;1551.8;5.5
28/08/2019;962.66;965.42;14343.8;126.4;1549.1;5.5
29/08/2019;963.21;964.4;14311.3;126.4;1536.9;5.5
30/08/2019;977.94;968.61;14231;126.4;1529.4;5.5
04/09/2019;956.88;961.01;14191;126.4;1560.4;5.25
05/09/2019;963.81;966.76;14288;126.4;1525.5;5.25
09/09/2019;959.95;971.28;14088;126.4;1511.1;5.25
10/09/2019;967.2;957.96;14210;126.4;1499.2;5.25
12/09/2019;975.15;985.09;14022.38;126.4;1507.4;5.25
13/09/2019;978.07;983.48;13983;126.4;1499.5;5.25
16/09/2019;962.33;970.74;13958;126.4;1511.5;5.25
17/09/2019;966.82;957.12;14170.3;126.4;1513.4;5.25
18/09/2019;974.7;966.56;14126.8;126.4;1515.8;5.25
19/09/2019;969.37;970.71;14126;126.4;1506.2;5.25
20/09/2019;961.59;969.01;14158;126.4;1515.1;5.25
23/09/2019;962.35;962.79;14048;126.4;1531.5;5.25
24/09/2019;949.46;956.84;14078;126.4;1540.2;5.25
25/09/2019;946.9;944.53;14177.3;126.4;1512.3;5.25
26/09/2019;966.67;955.38;14211.3;126.4;1515.2;5.25
27/09/2019;961.6;960.83;14236.8;126.4;1506.4;5.25
30/09/2019;958.4;960.65;14158;126.4;1472.9;5.25
01/10/2019;948.68;952.99;14130;126.4;1489;5
04/10/2019;926.49;919.62;14136;126.4;1512.9;5
07/10/2019;921.77;931.46;14236;126.4;1504.4;5
09/10/2019;930.06;931.46;14024;126.4;1512.8;5
10/10/2019;929.34;927.6;14217.5;126.4;1500.9;5
14/10/2019;941.19;940.16;14121;126.4;1497.6;5
15/10/2019;943.57;942.81;14168.5;126.4;1483.5;5
16/10/2019;950.1;947.37;14216;126.4;1494;5
17/10/2019;951.46;948.96;14224;126.4;1498.3;5
18/10/2019;964.26;953.51;14184.5;126.4;1494.1;5
21/10/2019;964.31;967.53;14138;126.4;1488.1;5
22/10/2019;971.24;966.65;14102.5;126.4;1487.5;5
23/10/2019;980.5;971.7;14042.5;126.4;1495.7;5
24/10/2019;995.97;983.31;13987;126.4;1504.7;5
25/10/2019;981.32;998.52;14089.5;126.4;1505.3;5
28/10/2019;981.06;981.81;14028;126.4;1495.8;5
29/10/2019;982.65;983.93;14018;126.4;1490.7;5
30/10/2019;986.57;987.62;14018;126.4;1496.7;5
31/10/2019;984.09;984.72;14060;126.4;1514.8;5
01/11/2019;982.07;985.87;14048;126.4;1511.4;5
04/11/2019;976.49;984.3;14177;126.4;1511.1;5
06/11/2019;979.46;1002.31;14276;126.4;1493.1;5
07/11/2019;966.46;983.03;14161.5;126.4;1466.4;5
11/11/2019;967.76;968.63;14014.04;126.4;1457.1;5
12/11/2019;966.1;961.89;14021;126.4;1453.7;5
13/11/2019;958.71;965.5;13852.75;126.4;1463.3;5
14/11/2019;955.49;957.45;13871.64;126.4;1473.4;5
15/11/2019;966.98;961.26;14078;126.4;1468.5;5
18/11/2019;967.14;965.48;13840.3;126.4;1471.9;5
19/11/2019;978.22;973.51;14139;126.4;1474.3;5
20/11/2019;981.85;973.62;14083;126.4;1474.2;5
21/11/2019;980.72;978.16;14035.28;126.4;1463.6;5
22/11/2019;976.11;978.44;14070;126.4;1463.6;5
25/11/2019;965.58;972.12;14083.01;126.4;1456.9;5
26/11/2019;967.86;970.93;14063.75;126.4;1460.3;5
27/11/2019;967.33;961.12;14078;126.4;1453.4;5
28/11/2019;952.58;963.71;14087.13;126.4;1472.7;5
29/11/2019;964.53;951.98;13868.66;126.4;1472.7;5
02/12/2019;984.61;967.75;14033;126.4;1469.2;5
03/12/2019;981.4;983.04;14283;126.4;1484.4;5
04/12/2019;974.24;979.46;14138;126.4;1480.2;5
06/12/2019;984.99;984.19;14294.5;126.4;1465.1;5
09/12/2019;987.22;985.85;14106.4;126.4;1464.9;5
11/12/2019;990.63;989.47;13997.2;126.4;1475;5
12/12/2019;990.17;992.85;13976.61;126.4;1472.3;5
13/12/2019;1000.26;998.02;13933.36;126.4;1481.2;5
16/12/2019;1003.52;999.75;13968.53;126.4;1480.5;5
17/12/2019;1012.51;1007.51;14022.5;126.4;1480.6;5
18/12/2019;1036.59;1014.29;14024;126.4;1478.7;5
19/12/2019;1026.98;1030.49;13966.92;126.4;1484.4;5
20/12/2019;1032.86;1030.61;13978.16;126.4;1480.9;5
23/12/2019;1038.86;1042.28;13957.58;126.4;1488.7;5
26/12/2019;1039.9;1038.65;13991;126.4;1514.4;5
27/12/2019;1040.19;1038.28;13977.5;126.4;1518.1;5
30/12/2019;1033.43;1040.31;13953.84;126.4;1518.6;5
07/01/2020;1027.16;1030.96;14603;126.4;1568.8;5
09/01/2020;1031.55;1032.71;14194.05;126.4;1574.3;5
10/01/2020;1033.41;1027.39;14599.7;126.4;1554.3;5
13/01/2020;1033.16;1036.88;14879;126.4;1560.1;5
14/01/2020;1039.79;1035.51;13522.43;126.4;1550.6;5
15/01/2020;1052.76;1043.93;13665.3;126.4;1544.6;5
16/01/2020;1046.2;1052.47;13668.04;126.4;1554;5
17/01/2020;1043.15;1042.61;13665.1;126.4;1550.5;5
20/01/2020;1052.83;1046.02;13623;126.4;1560.3;5
21/01/2020;1046.56;1062.08;13456.99;126.4;1557.9;5
22/01/2020;1048.06;1053.19;13615;126.4;1560.8;5
23/01/2020;1053.55;1051.69;13651;126.4;1556.7;5
24/01/2020;1055.02;1057.09;13626.39;126.4;1565.4;5
27/01/2020;1058.39;1054.23;13609.19;126.4;1571.9;5
28/01/2020;1047.5;1059.73;13711.97;126.4;1577.4;5
29/01/2020;1040.4;1040.73;13213.24;126.4;1569.8;5
30/01/2020;1039.35;1042.75;13634;126.4;1570.4;5
31/01/2020;1031.42;1047.8;13614.01;126.4;1589.2;5
03/02/2020;1005.95;1035.51;13643.18;126.4;1587.9;5
04/02/2020;1001.67;1001.3;13971.96;126.4;1582.4;4.75
06/02/2020;1017.32;1026.2;16412.81;126.4;1555.5;4.75
07/02/2020;1032.4;1035.96;14573.5;126.4;1570;4.75
10/02/2020;1033.9;1032.29;14187.86;126.4;1573.4;4.75
11/02/2020;1030;1030.08;14817.56;126.4;1579.5;4.75
12/02/2020;1032.75;1032.26;14586.17;126.4;1570.1;4.75
13/02/2020;1034.24;1035.64;14175;126.4;1571.6;4.75
14/02/2020;1034.95;1039.2;13500.74;126.4;1578.8;4.75
17/02/2020;1028.26;1029.53;13695.4;126.4;1586.4;4.75
18/02/2020;1028.97;1025.21;13681.29;126.4;1603.6;4.75
19/02/2020;1024.45;1026.04;13649.24;126.4;1603.6;4.75
20/02/2020;1033.16;1026.56;13768;126.4;1611.8;4.75
21/02/2020;1035.89;1037.29;13762;126.4;1620.5;4.75
24/02/2020;1027.9;1034.63;13703.48;126.4;1648.8;4.75
25/02/2020;1014.35;1022.75;13771.49;126.4;1676.6;4.75
26/02/2020;1014.64;1013.36;13879.93;126.4;1650;4.75
27/02/2020;1000.4;1010.7;14056.5;126.4;1643.1;4.75
28/02/2020;960.76;997.09;13931;126.4;1642.5;4.75
02/03/2020;961.67;930.82;14316;126.4;1566.7;4.75
03/03/2020;926.71;958.12;13633.13;126.4;1594.8;4.5
04/03/2020;956.77;942.56;14220;126.4;1644.4;4.5
06/03/2020;981.93;959.96;16441.26;126.4;1643;4.5
09/03/2020;944.13;961.42;14343.82;126.4;1672.4;4.5
11/03/2020;871.83;916.52;14565.15;126.4;1675.7;4.5
12/03/2020;889.1;903.23;14603.96;126.4;1642.3;4.5
13/03/2020;834.45;858.04;14076.42;126.4;1590.3;4.5
16/03/2020;845.52;834.45;14850;126.4;1516.7;4.5
17/03/2020;805.19;845.52;14635.02;126.4;1486.5;4.5
18/03/2020;751.8;805.19;15192;126.4;1525.8;4.5
19/03/2020;723.58;751.8;14955.79;126.4;1477.9;4.5
20/03/2020;674.83;723.58;15474.5;126.4;1479.3;4.5
23/03/2020;662.51;674.83;15908;126.4;1484.6;4.5
24/03/2020;621.06;662.51;15766.25;126.4;1567.6;4.5
26/03/2020;607.72;621.06;16504.8;126.4;1660.8;4.5
27/03/2020;706.85;607.72;16447.72;126.4;1651.2;4.5
30/03/2020;754.13;706.85;16218.64;126.4;1654.1;4.5
31/03/2020;727.18;754.13;16005.33;126.4;1643.2;4.5
02/04/2020;732.54;727.18;16346.96;126.4;1596.6;4.5
03/04/2020;718.04;720.18;13735.5;126.4;1637.7;4.5
06/04/2020;733.92;718.04;14199.5;126.4;1645.7;4.5
08/04/2020;767.75;733.92;14130;126.4;1693.9;4.5
09/04/2020;736.09;764.25;14540.92;126.4;1684.3;4.5
13/04/2020;730.72;736.09;14545.99;126.4;1752.8;4.5
14/04/2020;721.7;730.72;15800;126.4;1761.4;4.5
15/04/2020;733.83;721.7;15751;126.4;1768.9;4.5
16/04/2020;718.91;733.83;15578.35;126.4;1740.2;4.5
17/04/2020;688.07;718.91;15887.5;126.4;1731.7;4.5
20/04/2020;719.97;688.07;15568.34;126.4;1698.8;4.5
21/04/2020;710.56;719.97;15423;126.4;1711.2;4.5
22/04/2020;692.54;710.56;15377.08;126.4;1687.8;4.5
23/04/2020;699.86;692.54;15394.68;126.4;1738.3;4.5
24/04/2020;700.53;699.86;15408.62;126.4;1745.4;4.5
27/04/2020;669.82;700.53;15665;126.4;1735.6;4.5
28/04/2020;670.99;669.82;15348.74;126.4;1723.8;4.5
29/04/2020;658.66;670.99;15312.39;126.4;1722.2;4.5
30/04/2020;654.96;658.66;15364.59;126.4;1713.4;4.5
05/05/2020;698.81;654.96;15234.64;126.4;1694.2;4.5
06/05/2020;691.44;690.2;15044;126.4;1710.6;4.5
08/05/2020;692.59;691.44;14085.45;126.4;1688.5;4.5
11/05/2020;684.9;692.59;14720;86.2;1713.9;4.5
13/05/2020;691.03;684.9;14360;86.2;1698;4.5
14/05/2020;663.65;671.77;14994;86.2;1716.4;4.5
15/05/2020;640.55;663.65;14846.87;86.2;1740.9;4.5
18/05/2020;619.68;640.55;14810.12;86.2;1756.3;4.5
19/05/2020;613.86;619.68;14853;86.2;1734.4;4.5
20/05/2020;626.59;613.86;14878;86.2;1745.6;4.5
26/05/2020;643.82;626.59;14748.45;86.2;1752.1;4.5
27/05/2020;660.43;643.82;14501.76;86.2;1717.3;4.5
28/05/2020;667.78;660.43;14850;86.2;1710.7;4.5
29/05/2020;700.11;667.78;14888.5;86.2;1728.3;4.5
01/06/2020;712.64;700.11;14825;86.2;1751.7;4.5
02/06/2020;743.24;712.64;13668.27;86.2;1734;4.25
03/06/2020;772.03;743.24;14309.6;86.2;1704.8;4.25
04/06/2020;768.38;772.03;16418;86.2;1727.4;4.25
05/06/2020;772.37;768.38;15335;84.8;1683;4.25
08/06/2020;812.85;772.37;14307.64;84.8;1705.1;4.25
10/06/2020;776.72;802.1;14780.18;84.8;1720.7;4.25
11/06/2020;757.3;776.72;14256;84.8;1739.8;4.25
15/06/2020;740.92;767.14;14118;84.8;1727.2;4.25
16/06/2020;783.35;740.92;13988.12;84.8;1736.5;4.25
17/06/2020;776.61;783.35;14275;84.8;1735.6;4.25
18/06/2020;763.76;776.61;14102.74;84.8;1731.1;4.25
19/06/2020;766.71;763.76;13997.69;84.8;1753;4.25
22/06/2020;760.03;766.71;14093;84.8;1766.4;4.25
23/06/2020;760.1;760.03;14080.13;84.8;1782;4.25
24/06/2020;784.42;760.1;14113.18;84.8;1775.1;4.25
25/06/2020;776.23;784.42;14289.3;84.8;1770.6;4.25
26/06/2020;769.13;776.23;14376.2;84.8;1780.3;4.25
29/06/2020;770.77;769.13;14213;84.8;1781.2;4.25
30/06/2020;772.61;770.77;14470.2;84.8;1800.5;4.25
01/07/2020;781.13;772.61;13926.5;84.8;1779.9;4
02/07/2020;785.52;781.13;13698;84.8;1790;4
07/07/2020;793.07;791.24;14206.51;84.8;1809.9;4
08/07/2020;823.95;793.07;14568.46;84.8;1820.6;4
09/07/2020;813.05;823.95;14741;86.9;1803.8;4
10/07/2020;815.69;813.05;14773;86.9;1801.9;4
13/07/2020;820.65;815.69;14428;86.9;1814.1;4
14/07/2020;823.13;820.65;14584;86.9;1813.4;4
15/07/2020;817.13;823.13;14715.4;86.9;1813.8;4
16/07/2020;819.02;817.13;14561.17;86.9;1800.3;4
17/07/2020;810.22;819.02;14552.21;86.9;1810;4
20/07/2020;804.63;810.22;14688;86.9;1817.4;4
21/07/2020;822.27;804.63;14949.3;86.9;1843.9;4
22/07/2020;821.34;822.27;14626.86;86.9;1865.1;4
23/07/2020;831.59;821.34;14630;86.9;1890;4
24/07/2020;817.53;831.59;14578.9;86.9;1897.5;4
27/07/2020;828.36;817.53;14603;86.9;1931;4
28/07/2020;832.91;828.36;14614.5;86.9;1944.6;4
29/07/2020;825.37;832.91;14633.5;86.9;1953.4;4
30/07/2020;836.89;825.37;14458.34;86.9;1966.8;4
04/08/2020;826.4;813.25;16225;86.9;2021;4
05/08/2020;828.83;826.4;15227;86.9;2049.3;4
06/08/2020;836.7;828.83;13863;86.9;2069.4;4
07/08/2020;831.95;836.7;14483.5;86.9;2028;4
10/08/2020;830.59;831.95;14715.5;86.9;2039.7;4
12/08/2020;867.18;843.66;14143;92;1949;4
13/08/2020;865.73;867.18;14670.81;92;1970.4;4
14/08/2020;870.52;865.73;14673.5;92;1949.8;4
18/08/2020;882.9;870.52;14969.4;92;2013.1;4
19/08/2020;882.22;882.9;14598.07;92;1970.3;4
24/08/2020;884.5;882.22;14764;92;1939.2;4
25/08/2020;904.74;884.5;14629.4;92;1923.1;4
26/08/2020;904.62;904.74;14607.7;92;1952.5;4
27/08/2020;917.16;904.62;14447.38;92;1932.6;4
28/08/2020;908.96;917.16;14446;92;1974.9;4
31/08/2020;875.72;908.96;14618;92;1978.6;4
01/09/2020;900.34;875.72;13886.94;92;1978.9;4
03/09/2020;895.27;897.86;14251.54;92;1937.8;4
04/09/2020;883.61;895.27;16159.38;92;1934.3;4
07/09/2020;872.52;881.09;14349.57;92;1943.2;4
09/09/2020;859.83;873.22;14915.2;92;1954.9;4
10/09/2020;802.25;843.29;14677;92;1964.3;4
11/09/2020;818.95;781.98;14198.67;79;1947.9;4
14/09/2020;849.56;828.78;14883;79;1963.7;4
15/09/2020;827.95;849.01;14983.5;79;1966.2;4
16/09/2020;816.12;832.45;14869.6;79;1970.5;4
17/09/2020;809.01;815.54;14812.59;79;1949.9;4
18/09/2020;803.62;805.75;14788;79;1962.1;4
21/09/2020;795.29;803.1;14728;79;1910.6;4
22/09/2020;776.88;780.71;14839.2;79;1907.6;4
23/09/2020;773.6;779.78;14742.59;79;1868.4;4
24/09/2020;760.32;762.19;14803.99;79;1876.9;4
25/09/2020;787.38;767.16;14839.58;79;1866.3;4
28/09/2020;772.08;792.61;14863;79;1882.3;4
29/09/2020;767.13;779.25;14893.6;79;1903.2;4
30/09/2020;757.48;772.98;14910;79;1895.5;4
01/10/2020;781.96;765.79;13827.56;79;1916.3;4
02/10/2020;772.69;782.19;13675.85;79;1907.6;4
06/10/2020;799.2;797.22;13852.1;79;1908.8;4
07/10/2020;801.29;788.7;14545.7;79;1890.8;4
08/10/2020;806.86;805.66;14618;79;1895.1;4
09/10/2020;814.67;805.31;14874.2;79;1926.2;4
12/10/2020;831.2;820.31;14150;79;1928.9;4
13/10/2020;847.91;830.5;14484.99;79;1894.6;4
14/10/2020;856.59;849.4;14793;79;1907.3;4
15/10/2020;838.35;853.46;14681.46;79;1908.9;4
16/10/2020;830.95;840.72;14652.5;79;1906.4;4
19/10/2020;842.26;831.94;14693;79;1911.7;4
20/10/2020;836.82;841.46;14708;79;1915.4;4
21/10/2020;830.63;842.81;14688;79;1929.5;4
22/10/2020;832.7;826.15;14639.78;79;1904.6;4
23/10/2020;831.65;839.91;14639.85;79;1905.2;4
26/10/2020;842.76;831.39;14642.78;79;1905.7;4
27/10/2020;840.54;841.41;14724.2;79;1911.9;4
02/11/2020;847.35;836.01;13691.59;79;1892.5;3.75
03/11/2020;852.79;849.71;14272.9;79;1910.4;3.75
05/11/2020;877.01;849.52;14721.4;79;1946.8;3.75
06/11/2020;894.44;879.31;13947.44;77.8;1951.7;3.75
09/11/2020;904.87;907.53;14857.47;77.8;1854.4;3.75
11/11/2020;960.51;951.57;14041.54;77.8;1861.6;3.75
12/11/2020;936.16;952.09;14082.59;77.8;1873.3;3.75
13/11/2020;942.41;935.18;14133.49;77.8;1886.2;3.75
16/11/2020;944.67;953.6;14135.56;77.8;1887.8;3.75
17/11/2020;951.49;950.82;14089.2;77.8;1885.1;3.75
18/11/2020;959.55;950.4;14026.45;77.8;1873.9;3.75
19/11/2020;962.88;951.87;14110.2;77.8;1861.5;3.75
20/11/2020;959.32;962.79;14189.9;77.8;1872.4;3.75
23/11/2020;969.32;958.71;14150.99;77.8;1837.8;3.75
24/11/2020;978.2;973.74;14164.61;77.8;1804.6;3.75
25/11/2020;979.67;988.82;14121.8;77.8;1805.5;3.75
26/11/2020;989.9;971.61;14127.47;77.8;1788.1;3.75
27/11/2020;983.47;993.54;13897.67;77.8;1788.1;3.75
30/11/2020;946.8;979.92;14061.64;77.8;1780.9;3.75
02/12/2020;988.48;985.56;13657.55;77.8;1830.2;3.75
03/12/2020;993.5;994.95;14526;77.8;1841.1;3.75
08/12/2020;1005.13;1006.53;14858.5;77.8;1874.9;3.75
10/12/2020;1009.05;1016.67;14693;77.8;1837.4;3.75
11/12/2020;1014.93;1016.57;13878.99;77.8;1843.6;3.75
14/12/2020;1020.54;1019.06;14069.16;77.8;1832.1;3.75
15/12/2020;1018.25;1020.11;14221.9;77.8;1855.3;3.75
16/12/2020;1033.09;1029.1;14190;77.8;1859.1;3.75
17/12/2020;1035.73;1036.8;14070.54;77.8;1890.4;3.75
18/12/2020;1019.6;1029.85;14083.85;77.8;1888.9;3.75
21/12/2020;1016.27;1030.18;14068.94;77.8;1882.8;3.75
22/12/2020;990.99;1009.01;14100.73;77.8;1870.3;3.75
23/12/2020;992.57;1006.24;14324.2;77.8;1878.1;3.75
28/12/2020;1008.4;1007.04;13911.14;77.8;1880.4;3.75
29/12/2020;998.07;1009.41;14126.12;77.8;1882.9;3.75
30/12/2020;993.4;1003.15;14069.91;77.8;1893.4;3.75
04/01/2021;1013.61;995.53;14606;77.8;1946.6;3.75
07/01/2021;1012.06;1025.33;14247.5;77.8;1908.6;3.75
11/01/2021;1022.48;1020.68;14601.6;77.8;1913.6;3.75
12/01/2021;1090.72;1051.04;14228.5;77.8;1850.8;3.75
13/01/2021;1093.17;1094.55;14333;77.8;1844.2;3.75
14/01/2021;1095.27;1104.27;14031.08;77.8;1854.9;3.75
15/01/2021;1086.82;1095.73;14166;77.8;1851.4;3.75
18/01/2021;1063.78;1092.12;14063.15;77.8;1829.9;3.75
19/01/2021;1075.9;1060.61;13880.78;77.8;1840.2;3.75
20/01/2021;1071.04;1082.71;14100.8;77.8;1842;3.75
21/01/2021;1097.88;1079.1;14122;77.8;1866.5;3.75
22/01/2021;1084.54;1112.26;14037.2;77.8;1865.9;3.75
25/01/2021;1076.36;1089.3;13960.76;77.8;1856.2;3.75
26/01/2021;1078.54;1089.33;14012.9;77.8;1855.2;3.75
27/01/2021;1055.23;1073.56;14148.5;77.8;1850.9;3.75
28/01/2021;1047.79;1055.83;14142;77.8;1844.9;3.75
29/01/2021;1035.64;1040.05;14195;77.8;1841.2;3.75
02/02/2021;995.47;1043.47;13854.86;77.8;1850.3;3.75
03/02/2021;1011.19;1037.31;14118.5;77.8;1833.4;3.5
08/02/2021;1019.56;1035.7;14245.62;77.8;1835.1;3.5
09/02/2021;1030.45;1032.07;14553;77.8;1791.2;3.5
11/02/2021;1035.43;1046.81;14456;77.8;1834.2;3.5
12/02/2021;1045.44;1043.32;14269.2;77.8;1837.5;3.5
15/02/2021;1044.58;1053.27;14276.6;77.8;1826.8;3.5
16/02/2021;1044.53;1045.15;13966;77.8;1799;3.5
17/02/2021;1051.38;1051.75;13907;77.8;1799;3.5
18/02/2021;1042.62;1050.4;14039.2;77.8;1772.8;3.5
19/02/2021;1039.05;1041.14;14007.47;77.8;1775;3.5
22/02/2021;1050.99;1037.24;13998.2;77.8;1777.4;3.5
23/02/2021;1046.64;1061.46;13898.42;77.8;1808.4;3.5
24/02/2021;1048.43;1048.08;14107.7;77.8;1805.9;3.5
25/02/2021;1043.56;1049.34;14081.62;77.8;1797.9;3.5
26/02/2021;1041.31;1048.99;14097.8;77.8;1775.4;3.5
02/03/2021;1035.98;1037.08;13968.19;77.8;1728.8;3.5
03/03/2021;1071.96;1088.08;13995.54;77.8;1733.6;3.5
05/03/2021;1074.63;1076.96;14239.18;77.8;1715.8;3.5
08/03/2021;1051.36;1045.33;14438;77.8;1698.5;3.5
09/03/2021;1041.89;1065.28;14397.4;77.8;1678;3.5
11/03/2021;1022.95;1041.61;14245.5;77.8;1716.9;3.5
12/03/2021;1043.36;1051.9;14443.8;77.8;1719.8;3.5
15/03/2021;1036.06;1048.17;14385.21;77.8;1729.2;3.5
16/03/2021;1039.63;1044.55;14464;77.8;1730.9;3.5
17/03/2021;1031.65;1039.68;14427.5;77.8;1727.1;3.5
18/03/2021;1051.84;1038.12;14403;77.8;1732.5;3.5
19/03/2021;1046.79;1055.06;14431;77.8;1741.7;3.5
22/03/2021;1031.41;1040.78;14372.2;77.8;1738.1;3.5
23/03/2021;1030.14;1046.52;14375.8;77.8;1725.1;3.5
24/03/2021;1013.17;1026.37;14505.5;77.8;1733.2;3.5
25/03/2021;1002.8;1013.61;14460;77.8;1725.1;3.5
26/03/2021;1015.62;1005.53;14456.4;77.8;1732.3;3.5
29/03/2021;1009.98;1018.56;14411;77.8;1712.2;3.5
30/03/2021;994.5;1009.66;14511.7;77.8;1686;3.5
31/03/2021;970.29;989.38;14605;77.8;1715.6;3.5
01/04/2021;966.99;969.68;14022.5;77.8;1728.4;3.5
02/04/2021;955.79;973.78;14399.1;77.8;1728.8;3.5
05/04/2021;958.13;953.13;14360;77.8;1743;3.5
06/04/2021;965.45;961.39;14349.5;77.8;1758.2;3.5
08/04/2021;945.19;949.51;14611.9;77.8;1747.6;3.5
13/04/2021;979.19;960.76;14621.1;77.8;1736.3;3.5
14/04/2021;981.16;983.96;14673.8;77.8;1766.8;3.5
15/04/2021;976.04;991.11;14616;77.8;1780.2;3.5
16/04/2021;975.22;975.63;14558;77.8;1770.6;3.5
19/04/2021;968.38;964.57;14570;77.8;1778.4;3.5
20/04/2021;955.19;960.11;14543.2;77.8;1793.1;3.5
21/04/2021;956.09;959.01;14564.2;77.8;1782;3.5
22/04/2021;970.97;958.39;14606.6;77.8;1777.8;3.5
23/04/2021;952.24;970.37;14518;77.8;1780.1;3.5
26/04/2021;964.7;962.11;14459.6;77.8;1778.8;3.5
27/04/2021;959.18;965.69;14516.4;77.8;1773.9;3.5
28/04/2021;966.68;972.82;14519;77.8;1768.3;3.5
29/04/2021;956.62;968.49;14439.7;77.8;1767.7;3.5
30/04/2021;950.12;960.18;14268.88;77.8;1791.8;3.5
03/05/2021;955.06;948.23;14518;77.8;1776;3.5
04/05/2021;957.25;960.89;14482.5;77.8;1784.3;3.5
05/05/2021;950.41;965.17;14526;77.8;1831.3;3.5
07/05/2021;952.2;952.31;14300.5;77.8;1837.6;3.5
10/05/2021;949.66;950.36;14414;77.8;1836.1;3.5
11/05/2021;944.27;951.36;14191;77.8;1867.6;3.5
17/05/2021;934.54;942.98;14344.5;77.8;1868;3.5
18/05/2021;921.26;927.88;14362.3;77.8;1881.5;3.5
19/05/2021;923.58;921.05;14389.7;77.8;1881.9;3.5
20/05/2021;927.08;932.76;14397.3;77.8;1876.7;3.5
21/05/2021;932.12;933.46;14348;77.8;1884.5;3.5
24/05/2021;939.44;933.15;14365;77.8;1898;3.5
25/05/2021;923.63;952.66;14310;77.8;1895.7;3.5
27/05/2021;936.78;936.03;14318;77.8;1905.3;3.5
28/05/2021;958.91;943.99;14278;77.8;1905;3.5
31/05/2021;982.03;991.03;14529.2;77.8;1892;3.5
01/06/2021;971.67;982.75;14495;77.8;1898.8;3.5
04/06/2021;957.86;977.34;14385.5;77.8;1894.4;3.5
07/06/2021;971.03;949.44;14256;77.8;1895.5;3.5
08/06/2021;984.41;977.44;14246;77.8;1896.4;3.5
09/06/2021;973.88;981.86;14182;77.8;1865.9;3.5
10/06/2021;970.07;976.67;14267.5;77.8;1856.4;3.5
14/06/2021;947.47;961.7;14280.3;77.8;1861.4;3.5
15/06/2021;942.33;945.18;14466.5;77.8;1774.8;3.5
16/06/2021;931.25;941.58;14554.7;77.8;1769;3.5
17/06/2021;923.49;924.86;14368;77.8;1782.9;3.5
18/06/2021;938.96;925.16;14388.8;77.8;1777.4;3.5
21/06/2021;920;938.34;14495;77.8;1783.4;3.5
22/06/2021;920.41;930.78;14413.3;77.8;1776.7;3.5
23/06/2021;917.3;924.78;14511.2;77.8;1777.8;3.5
24/06/2021;897.16;909.14;14418;77.8;1780.7;3.5
25/06/2021;896.79;896.06;14525;77.8;1763.6;3.5
28/06/2021;901.73;895.94;14629.1;77.8;1771.6;3.5
29/06/2021;904.11;905.12;13951.5;77.8;1776.8;3.5
30/06/2021;903.77;908.82;14283.8;77.8;1794.2;3.5
01/07/2021;897.2;908.2;14288;77.8;1795;3.5
05/07/2021;894.37;907.1;14568.7;107.4;1802.1;3.5
06/07/2021;889.28;897.06;14231.4;77.3;1810.6;3.5
07/07/2021;897.55;894.93;14490;118.5;1805.9;3.5
09/07/2021;889.94;901.45;14558.5;118.5;1809.9;3.5
12/07/2021;877.98;888.53;14542.1;118.5;1825;3.5
13/07/2021;897.46;881.72;14473;118.5;1829;3.5
14/07/2021;900.11;903.64;14563;118.5;1815;3.5
15/07/2021;886.18;898.92;14491;118.5;1809.2;3.5
16/07/2021;894.61;895.23;14620;118.5;1803.4;3.5
19/07/2021;915.46;906.77;14536;118.5;1805.4;3.5
21/07/2021;903.18;918.35;14548.7;118.5;1801.8;3.5
22/07/2021;893.46;905.73;14486;118.5;1799.2;3.5
23/07/2021;891.26;896.7;14523.5;118.5;1799.8;3.5
26/07/2021;886.61;889.52;14554;118.5;1799.7;3.5
27/07/2021;889.39;893.19;14462.6;118.5;1835.8;3.5
28/07/2021;878.08;894.7;14450;118.5;1817.2;3.5
29/07/2021;878.84;888.65;14001.1;84.9;1822.2;3.5
30/07/2021;892.37;882.75;14287.39;84.9;1814.1;3.5
02/08/2021;903.86;896.73;14641;93.4;1814.5;3.5
03/08/2021;919.31;941.73;14246.5;104.4;1763.1;3.5
04/08/2021;904.39;919.62;14279.2;104.4;1726.5;3.5
06/08/2021;904.16;909.84;14170.8;104.4;1731.7;3.5
09/08/2021;908.22;899.72;14393.3;104.4;1751.8;3.5
10/08/2021;919.17;913.26;14341;104.4;1778.2;3.5
11/08/2021;920.73;920.19;14381;104.4;1789.8;3.5
12/08/2021;945.1;930.75;14425.1;104.4;1784.4;3.5
13/08/2021;921.54;941.35;14454.2;104.4;1783.1;3.5
16/08/2021;929.12;922.78;14493.4;104.4;1784;3.5
18/08/2021;933.84;928.54;14446;104.4;1806.3;3.5
19/08/2021;924.89;931.57;14430;104.4;1808.5;3.5
20/08/2021;927.57;923.47;14448.7;104.4;1791;3.5
23/08/2021;920.96;923.26;14465.7;104.4;1795.2;3.5
24/08/2021;915.17;919.24;14449.3;104.4;1819.5;3.5
25/08/2021;931.52;919.02;14411;104.4;1812.2;3.5
26/08/2021;935.31;930.52;14362;104.4;1818.1;3.5
27/08/2021;928.5;928.24;13990.46;104.4;1811.5;3.5
30/08/2021;939.54;929.73;14344.48;104.4;1833.7;3.5
31/08/2021;935.07;942.84;14281;104.4;1798.5;3.5
02/09/2021;939.64;940.36;14618.7;104.4;1797.4;3.5
03/09/2021;923.93;940.68;14346;104.4;1793.5;3.5
06/09/2021;932.43;921.32;14326.4;104.4;1800;3.5
07/09/2021;927.22;926.01;14196;104.4;1794.4;3.5
08/09/2021;925.76;930.54;14291.6;104.4;1807.1;3.5
09/09/2021;919.79;924.68;14249.7;104.4;1794.8;3.5
13/09/2021;919.69;924.27;14264.5;104.4;1756.7;3.5
14/09/2021;916.32;917.58;14283.9;104.4;1751.4;3.5
15/09/2021;913.54;916.02;14221;104.4;1763.8;3.5
16/09/2021;905.18;903.11;14320.5;104.4;1778.2;3.5
17/09/2021;915.36;901.7;14237.5;104.4;1778.8;3.5
20/09/2021;929.86;916.15;14279.2;104.4;1749.8;3.5
21/09/2021;930.63;927.65;14286.5;104.4;1751.7;3.5
22/09/2021;921.85;927.32;14251;104.4;1752;3.5
23/09/2021;917.09;922.73;14242.5;104.4;1737.5;3.5
24/09/2021;924;916.82;14318.6;104.4;1722.9;3.5
27/09/2021;959.17;927.77;14385;104.4;1757;3.5
28/09/2021;978.86;980.44;14278;104.4;1760.9;3.5
29/09/2021;1016.02;981.9;14300;104.4;1761.8;3.5
30/09/2021;1035.51;1026.8;14402.1;104.4;1757.4;3.5
05/10/2021;1036.6;1033.59;14290;104.4;1755.7;3.5
06/10/2021;1045.05;1039.07;14297.4;104.4;1759.3;3.5
08/10/2021;1066.4;1052.49;14221.2;104.4;1794.7;3.5
11/10/2021;1080.94;1070.24;14219.7;104.4;1797.9;3.5
12/10/2021;1079.8;1084;14078.5;104.4;1768.3;3.5
13/10/2021;1090.33;1085.26;14067;104.4;1765.7;3.5
14/10/2021;1089.95;1094.68;14157.2;104.4;1770.5;3.5
15/10/2021;1081.3;1094.48;14119.8;104.4;1781.9;3.5
18/10/2021;1092.5;1079.41;14175;104.4;1796.3;3.5
19/10/2021;1080.28;1082.1;14116;104.4;1806.8;3.5
21/10/2021;1084.15;1081.01;14193.5;104.4;1793.4;3.5
22/10/2021;1071.82;1084.85;14175.7;104.4;1798.8;3.5
25/10/2021;1059.13;1060.71;14217.1;104.4;1802.6;3.5
26/10/2021;1069.2;1073.05;14229;104.4;1783.9;3.5
27/10/2021;1061.98;1080.75;13861.39;104.4;1795.8;3.5
28/10/2021;1048.63;1063.85;14027;104.4;1789.4;3.5
29/10/2021;1064.15;1049.98;14398;104.4;1763.9;3.5
01/11/2021;1062.68;1071.23;14189.6;104.4;1816.8;3.5
02/11/2021;1066.57;1069.34;14393.1;104.4;1828;3.5
05/11/2021;1075.95;1065.8;14216;104.4;1848.3;3.5
10/11/2021;1078.27;1078.96;14302.4;104.4;1863.9;3.5
11/11/2021;1055.07;1067.15;14186.7;104.4;1866.6;3.5
15/11/2021;1059.2;1048.3;14185.4;104.4;1854.1;3.5
16/11/2021;1069.29;1064.06;14274.2;104.4;1870.2;3.5
17/11/2021;1058.27;1059.09;14223.8;104.4;1861.4;3.5
18/11/2021;1070.54;1062.43;14204.7;104.4;1851.6;3.5
19/11/2021;1079.08;1076.01;14265.1;104.4;1806.3;3.5
22/11/2021;1063.81;1072.02;14259.6;104.4;1783.8;3.5
23/11/2021;1064.2;1067.23;14272.5;104.4;1784.3;3.5
24/11/2021;1070.68;1063.62;14303.4;104.4;1788.1;3.5
25/11/2021;1045.85;1066.07;14320;104.4;1786.9;3.5
26/11/2021;1052.61;1045.06;14408.2;104.4;1785.2;3.5
29/11/2021;1032.88;1051.36;14377;104.4;1776.5;3.5
30/11/2021;1030.06;1032.91;14088.74;104.4;1784.3;3.5
01/12/2021;1052.17;1031.55;13976.24;104.4;1762.7;3.5
03/12/2021;1044.46;1054.27;14283.9;104.4;1783.9;3.5
07/12/2021;1058.63;1053.71;14521;104.4;1784.7;3.5
08/12/2021;1053.44;1063.31;14395;104.4;1785.5;3.5
10/12/2021;1046.84;1044.69;14194;104.4;1784.8;3.5
13/12/2021;1044.63;1050.9;14351.9;104.4;1788.3;3.5
14/12/2021;1043.8;1043.92;14324.7;104.4;1772.3;3.5
15/12/2021;1051.94;1044.07;14342.5;104.4;1764.5;3.5
16/12/2021;1042.76;1057.91;14297.5;104.4;1798.2;3.5
17/12/2021;1045.84;1040.34;14380;104.4;1804.9;3.5
20/12/2021;1037;1035.42;14385.7;104.4;1794.6;3.5
21/12/2021;1037.13;1036.08;14388.7;104.4;1788.7;3.5
22/12/2021;1027.42;1041.99;14263.9;104.4;1802.2;3.5
23/12/2021;1030.88;1030.27;14193.8;104.4;1811.7;3.5
27/12/2021;1031.15;1029.31;14189.3;104.4;1808.8;3.5
28/12/2021;1033.47;1035.91;14220;104.4;1810.9;3.5
29/12/2021;1032.64;1034.29;14238.2;104.4;1805.8;3.5
30/12/2021;1031.02;1034.6;14237;104.4;1814.1;3.5
03/01/2022;1037.53;1034.42;14360;104.4;1800.1;3.5
04/01/2022;1052.22;1041.67;14351;104.4;1814.6;3.5
07/01/2022;1044.98;1053.33;14543.9;104.4;1789.2;3.5
11/01/2022;1056.81;1049.18;14921.9;104.4;1797.4;3.5
12/01/2022;1061.83;1056.44;15649;104.4;1818.5;3.5
13/01/2022;1064.27;1063.64;15634.5;104.4;1827.3;3.5
14/01/2022;1064.24;1065.53;14298.9;104.4;1821.4;3.5
17/01/2022;1071.44;1062.86;14276;104.4;1816.5;3.5
18/01/2022;1071.78;1076.75;14314.5;104.4;1812.4;3.5
19/01/2022;1065.43;1073.27;14349.7;104.4;1814.1;3.5
20/01/2022;1055.67;1062.13;14382.3;104.4;1843.2;3.5
21/01/2022;1070.01;1059.09;14362.8;104.4;1842.6;3.5
24/01/2022;1080.16;1069.3;14343;104.4;1831.8;3.5
25/01/2022;1068.98;1072.97;14329.7;104.4;1841.7;3.5
26/01/2022;1053.64;1062.03;14365;104.4;1852.5;3.5
27/01/2022;1068.89;1053.76;14330.5;104.4;1829.7;3.5
28/01/2022;1075.78;1064.81;14366.4;104.4;1793.1;3.5
31/01/2022;1089.89;1079.65;14389.2;104.4;1786.6;3.5
02/02/2022;1072.89;1094.89;14381.6;104.4;1796.4;3.5
03/02/2022;1081.6;1081.25;14322.3;104.4;1810.3;3.5
08/02/2022;1077.85;1085.84;14425;104.4;1804.1;3.5
09/02/2022;1111.19;1107.52;14838;104.4;1827.9;3.5
11/02/2022;1123.11;1115.9;14902.1;104.4;1836.6;3.5
14/02/2022;1123.96;1120.5;15690;104.4;1842.1;3.5
15/02/2022;1116.94;1120.41;14344.7;104.4;1869.4;3.5
16/02/2022;1134.41;1121.29;14303;104.4;1856.2;3.5
17/02/2022;1137.01;1137.34;14260.6;104.4;1871.5;3.5
18/02/2022;1131.66;1132.71;14274.4;104.4;1902;3.5
21/02/2022;1137.13;1132.33;14348;104.4;1899.8;3.5
22/02/2022;1141.02;1136.51;14365.9;104.4;1907.4;3.5
23/02/2022;1130.1;1133.33;14355;104.4;1907.4;3.5
24/02/2022;1143.08;1136.84;14395;104.4;1910.4;3.5
25/02/2022;1125.86;1139.59;14365;104.4;1926.3;3.5
01/03/2022;1146.46;1128.23;14452.5;104.4;1887.6;3.5
02/03/2022;1152.52;1165.35;14215;104.4;1943.8;3.5
08/03/2022;1140.34;1157.82;14363.8;104.4;1922.3;3.5
10/03/2022;1117.51;1125.96;14890.1;104.4;2043.3;3.5
11/03/2022;1156.32;1145.13;15221;104.4;2000.4;3.5
14/03/2022;1148.59;1145.78;15696;104.4;1985;3.5
15/03/2022;1161.43;1154.05;14325.5;104.4;1960.8;3.5
16/03/2022;1167.43;1166.83;14347.5;104.4;1929.7;3.5
17/03/2022;1182.85;1174.23;14305.3;104.4;1909.2;3.5
18/03/2022;1172.41;1192.32;14263.5;104.4;1943.2;3.5
21/03/2022;1167.84;1176.39;14326;104.4;1929.3;3.5
22/03/2022;1153.82;1159.42;14342.3;104.4;1929.5;3.5
23/03/2022;1157.8;1160.34;14345;104.4;1921.5;3.5
24/03/2022;1159.57;1159.19;14345.5;104.4;1937.3;3.5
25/03/2022;1169.77;1153.34;14389;104.4;1962.2;3.5
28/03/2022;1164.56;1171.48;14337.1;104.4;1954.2;3.5
29/03/2022;1179.98;1165.18;14334;104.4;1939.8;3.5
30/03/2022;1171.32;1183.44;14373;104.4;1912.2;3.5
31/03/2022;1172.8;1178.04;14334;104.4;1939;3.5
01/04/2022;1167.71;1175.86;14327.5;104.4;1954;3.5
04/04/2022;1167.52;1172.14;14283.6;104.4;1923.7;3.5
07/04/2022;1168.61;1166.05;14361;104.4;1934;3.5
08/04/2022;1167.11;1169.43;14491;104.4;1927.5;3.5
11/04/2022;1149.1;1146.7;14931;104.4;1937.8;3.5
13/04/2022;1153.9;1154.3;14900;104.4;1945.6;3.5
14/04/2022;1143.98;1154.74;15780;104.4;1948.2;3.5
18/04/2022;1151.12;1153.43;14364.2;104.4;1984.7;3.5
19/04/2022;1143.44;1150.94;14360.2;104.4;1974.9;3.5
20/04/2022;1144.76;1143.93;14337;104.4;1986.4;3.5
21/04/2022;1139.27;1144.22;14353.8;104.4;1959;3.5
22/04/2022;1181.47;1149.34;14364.9;104.4;1955.6;3.5
25/04/2022;1215.38;1191.18;14351;104.4;1948.2;3.5
26/04/2022;1206.92;1205.83;14382;104.4;1934.3;3.5
27/04/2022;1218.07;1201.22;14350;104.4;1896;3.5
28/04/2022;1233.37;1216.67;14478;104.4;1904.1;3.5
04/05/2022;1225.34;1227.71;14466;104.4;1888.7;3.5
09/05/2022;1242.19;1244.28;14447.5;104.4;1891.3;3.5
10/05/2022;1171.43;1212.66;14890;104.4;1858.6;3.5
12/05/2022;1161.04;1119.29;15180;104.4;1841;3.5
13/05/2022;1114.47;1152.94;15421;104.4;1824.6;3.5
17/05/2022;1112.06;1110.59;14632.1;104.4;1808.2;3.5
18/05/2022;1129.78;1114.34;14645;104.4;1818.9;3.5
19/05/2022;1149.4;1141.98;14630.6;104.4;1815.9;3.5
20/05/2022;1140.78;1130.33;14740;104.4;1841.2;3.5
23/05/2022;1143.29;1142.36;14626.8;104.4;1842.1;3.5
24/05/2022;1134.35;1145.41;14645;104.4;1847.8;3.5
25/05/2022;1147.41;1139.67;14619.2;104.4;1865.4;3.5
27/05/2022;1135.77;1143.97;14635.8;104.4;1846.3;3.5
30/05/2022;1168.18;1154.28;14584.2;104.4;1857.3;3.5
31/05/2022;1168.96;1171.36;14570;104.4;1848.4;3.5
01/06/2022;1193.9;1175.97;14538.4;104.4;1848.4;3.5
06/06/2022;1159.07;1166.6;14431;104.4;1843.7;3.5
07/06/2022;1159.67;1163.22;15037;104.4;1852.1;3.5
09/06/2022;1165.33;1169.52;14882.3;104.4;1852.8;3.5
10/06/2022;1139.65;1151.42;15206.7;104.4;1875.5;3.5
13/06/2022;1129.32;1118.85;14546;104.4;1831.8;3.5
14/06/2022;1134.38;1123.53;14795;104.4;1813.5;3.5
15/06/2022;1136.44;1129.3;14740.8;104.4;1819.6;3.5
16/06/2022;1142.78;1146.69;14681;104.4;1849.9;3.5
17/06/2022;1126.43;1125.78;14776.1;104.4;1840.6;3.5
20/06/2022;1135.05;1127.17;14816;104.4;1838.8;3.5
21/06/2022;1145.17;1136.52;14827.7;104.4;1838.8;3.5
22/06/2022;1123.77;1143.69;14831.7;104.4;1838.4;3.5
23/06/2022;1122.83;1123.77;14843;104.4;1829.8;3.5
24/06/2022;1126.48;1124.3;14841.8;104.4;1830.3;3.5
27/06/2022;1116.8;1129.43;14841;104.4;1824.8;3.5
28/06/2022;1112.11;1114.59;14791;104.4;1821.2;3.5
29/06/2022;1097.56;1111.37;14857;104.4;1817.5;3.5
30/06/2022;1087.53;1099.04;14877;104.4;1807.3;3.5
01/07/2022;1071.53;1086.05;14408;104.4;1801.5;3.5
04/07/2022;1043.69;1070.8;14382;111;1763.9;3.5
06/07/2022;1056.77;1062.7;14435.2;111;1736.5;3.5
07/07/2022;1046.55;1056.04;15010;128.2;1739.7;3.5
11/07/2022;1051.17;1059.1;15609.5;120.3;1731.7;3.5
12/07/2022;1055.09;1051.17;15623;119.1;1724.8;3.5
13/07/2022;1034.47;1054.35;15010;119.1;1735.5;3.5
14/07/2022;1032.74;1033.73;15030.4;119.1;1705.8;3.5
15/07/2022;1035.74;1033.48;15037.1;119.1;1703.6;3.5
18/07/2022;1048.54;1037.21;14986;119.1;1710.2;3.5
19/07/2022;1055.13;1048.54;14977;119.1;1710.7;3.5
20/07/2022;1097.94;1058.82;14960.8;119.1;1700.2;3.5
21/07/2022;1102.65;1100.89;15022;119.1;1713.4;3.5
22/07/2022;1097.14;1103.39;15004.2;119.1;1727.4;3.5
25/07/2022;1090.07;1097.88;15011;119.1;1719.1;3.5
26/07/2022;1101.28;1091.55;14978;119.1;1717.7;3.5
27/07/2022;1104.5;1102.76;14982.8;119.1;1719.1;3.5
28/07/2022;1109.45;1102.29;14914.2;119.1;1769.2;3.5
29/07/2022;1119;1114.62;14849.1;119.1;1781.8;3.5
02/08/2022;1131.85;1121.79;14405.6;119.1;1789.7;3.75
03/08/2022;1142.53;1131.4;14406.4;113.1;1776.4;3.75
04/08/2022;1143.34;1142.62;14385;113.1;1806.9;3.75
08/08/2022;1153.32;1152.93;14886;113.1;1805.2;3.75
09/08/2022;1163.84;1153.32;14865.3;113.1;1812.3;3.75
11/08/2022;1167.16;1163.67;15675;113.1;1807.2;3.75
12/08/2022;1156.62;1167.2;15596;113.1;1815.5;3.75
15/08/2022;1150.18;1156.62;14661;113.1;1798.1;3.75
16/08/2022;1147.53;1150.22;14776.4;113.1;1789.7;3.75
18/08/2022;1151.4;1147.53;14764.1;113.1;1771.2;3.75
19/08/2022;1141.81;1151.44;14845.7;113.1;1762.9;3.75
22/08/2022;1135.56;1141.81;14831;113.1;1748.4;3.75
23/08/2022;1138.31;1135.56;14933.5;113.1;1761.2;3.75
24/08/2022;1138.23;1138.35;14850;113.1;1761.5;3.75
25/08/2022;1138.1;1138.28;14845;113.1;1771.4;3.75
26/08/2022;1134.19;1138.23;14773;113.1;1749.8;3.75
29/08/2022;1127.77;1133.87;14811;113.1;1749.7;3.75
30/08/2022;1135.4;1127.77;14895;113.1;1736.3;3.75
31/08/2022;1151.02;1135.44;14850;113.1;1726.2;3.75
02/09/2022;1159.98;1153.04;14379.5;113.1;1722.6;4.25
05/09/2022;1172.16;1159.98;14490;113.1;1712.9;4.25
06/09/2022;1164.64;1172.21;14495.3;113.1;1707.9;4.25
08/09/2022;1170.13;1154.96;14831.2;113.1;1720.2;4.25
09/09/2022;1172.54;1170.13;14892.3;113.1;1728.6;4.25
12/09/2022;1170.05;1172.54;15590;113.1;1740.6;4.25
13/09/2022;1193.06;1170.05;14858.7;113.1;1717.4;4.25
14/09/2022;1183.47;1193.02;14954.9;113.1;1709.1;4.25
15/09/2022;1200.51;1183.51;14915;113.1;1677.3;4.25
16/09/2022;1167.49;1200.55;14933.6;113.1;1683.5;4.25
19/09/2022;1180.67;1167.49;14946;113.1;1678.2;4.25
20/09/2022;1169.53;1180.76;14985.8;113.1;1671.1;4.25
21/09/2022;1172.67;1169.58;15008.6;113.1;1675.7;4.25
22/09/2022;1170.8;1172.67;15019;113.1;1681.1;4.25
23/09/2022;1163.56;1170.89;15026.6;113.1;1655.6;4.25
26/09/2022;1167.25;1163.61;15031;113.1;1633.4;4.25
27/09/2022;1162.64;1167.2;15204;113.1;1636.2;4.25
28/09/2022;1161.15;1162.55;15167.2;113.1;1670;4.25
29/09/2022;1151.55;1161.2;15175.3;113.1;1668.6;4.25
30/09/2022;1158.75;1151.46;15175.2;113.1;1672;4.25
03/10/2022;1151.5;1158.75;14251;113.1;1702;4.75
05/10/2022;1156.08;1159.78;14552.2;113.1;1720.8;4.75
06/10/2022;1158.94;1156.08;14611.8;113.1;1720.8;4.75
10/10/2022;1138.17;1146.68;15246;113.1;1675.2;4.75
11/10/2022;1131.64;1138.17;15671.5;113.1;1686;4.75
13/10/2022;1122.52;1128.62;15318.6;113.1;1677;4.75
14/10/2022;1101.76;1122.57;15364;113.1;1648.9;4.75
17/10/2022;1101.7;1101.76;15420;113.1;1664;4.75
18/10/2022;1113.88;1101.74;15441.4;113.1;1655.8;4.75
19/10/2022;1129.36;1113.88;15466.2;113.1;1634.2;4.75
20/10/2022;1157.8;1129.36;15620;113.1;1636.8;4.75
21/10/2022;1177.95;1157.95;15562;113.1;1656.3;4.75
24/10/2022;1200.38;1178.1;15626;113.1;1654.1;4.75
25/10/2022;1200.7;1200.43;15586.5;113.1;1658;4.75
26/10/2022;1179.25;1200.7;15549;113.1;1669.2;4.75
27/10/2022;1190.31;1179.3;15502.7;113.1;1665.6;4.75
28/10/2022;1187.32;1190.51;15554.2;113.1;1644.8;4.75
31/10/2022;1203.76;1187.37;15549.2;113.1;1640.7;4.75
01/11/2022;1194.56;1203.81;14313;113.1;1649.7;5.25
02/11/2022;1180.08;1194.6;14328;113.1;1650;5.25
03/11/2022;1188.03;1180.13;14275;113.1;1630.9;5.25
04/11/2022;1182.68;1188.03;14355;113.1;1676.6;5.25
07/11/2022;1195.89;1182.73;14970;113.1;1680.5;5.25
08/11/2022;1183.44;1195.94;14756.9;113.1;1716;5.25
10/11/2022;1172.75;1188.53;15343;113.1;1753.7;5.25
11/11/2022;1205.82;1172.8;15500;113.1;1769.4;5.25
14/11/2022;1188.61;1205.87;15473.9;113.1;1776.9;5.25
15/11/2022;1192.27;1188.57;15530.1;113.1;1776.8;5.25
16/11/2022;1180.44;1192.27;15557;113.1;1775.8;5.25
17/11/2022;1191;1180.44;15655;113.1;1763;5.25
18/11/2022;1197.07;1190.95;15720;113.1;1754.4;5.25
21/11/2022;1184.69;1197.27;15629.4;113.1;1739.6;5.25
22/11/2022;1187.06;1184.69;15755;113.1;1739.9;5.25
23/11/2022;1192.41;1187.06;15671;113.1;1745.6;5.25
24/11/2022;1197.99;1192.45;15619.6;113.1;1754;5.25
25/11/2022;1194.22;1198.14;15605;113.1;1754;5.25
28/11/2022;1192.49;1194.17;15675.1;113.1;1740.3;5.25
29/11/2022;1197.86;1192.44;15746;113.1;1763.7;5.25
30/11/2022;1231.39;1197.86;15726.5;113.1;1759.9;5.25
01/12/2022;1210.05;1231.39;14277;113.1;1815.2;5.5
05/12/2022;1203.16;1204.01;14543.4;113.1;1781.3;5.5
07/12/2022;1164.93;1194.07;14989.1;113.1;1798;5.5
08/12/2022;1160.27;1164.73;14724.2;113.1;1801.5;5.5
09/12/2022;1153.21;1160.22;14823;113.1;1810.7;5.5
12/12/2022;1156.21;1153.21;15582;113.1;1792.3;5.5
13/12/2022;1177.89;1156.21;15676.3;113.1;1825.5;5.5
14/12/2022;1171.79;1178.11;15554.7;113.1;1818.7;5.5
15/12/2022;1160.95;1171.79;15481;113.1;1787.8;5.5
16/12/2022;1180.04;1160.9;15626;113.1;1800.2;5.5
19/12/2022;1163.9;1180.04;15615.9;113.1;1797.7;5.5
20/12/2022;1155.48;1163.9;15567.5;113.1;1825.4;5.5
21/12/2022;1154.17;1155.48;15556;113.1;1825.4;5.5
22/12/2022;1158.32;1154.22;15513;113.1;1795.3;5.5
23/12/2022;1148.88;1158.32;15563;113.1;1804.2;5.5
26/12/2022;1155.56;1148.94;15565.9;113.1;1809.7;5.5
27/12/2022;1150.4;1155.67;15607;113.1;1823.1;5.5
28/12/2022;1146.11;1150.4;15617.5;113.1;1815.8;5.5
29/12/2022;1146.98;1146.22;15789;113.1;1826;5.5
30/12/2022;1150.98;1147.04;15620;113.1;1826.2;5.5
02/01/2023;1147.55;1151.12;15570;1835.8;119.1;5.5
03/01/2023;1148.82;1147.55;15595;1846.1;119.1;5.5
04/01/2023;1137.31;1148.75;15585;1859;119.1;5.5
05/01/2023;1114.4;1137.31;15605;1840.6;119.1;5.5
06/01/2023;1110.66;1114.33;15630;1869.7;119.1;5.5
09/01/2023;1111.33;1110.8;15565;1877.8;119.9;5.5
10/01/2023;1075.98;1111.33;15570;1876.5;119.9;5.5
11/01/2023;1056.63;1075.98;15480;1878.9;119.9;5.5
12/01/2023;1078.08;1056.7;15336;1898.8;119.9;5.5
13/01/2023;1072.92;1078.15;15140;1921.7;119.9;5.5
16/01/2023;1083.22;1072.92;15040;1915.69;119.9;5.5
17/01/2023;1105.43;1083.29;15160;1919.9;119.9;5.5
18/01/2023;1101.5;1105.5;15085;1909.9;119.9;5.5
19/01/2023;1111.4;1101.5;15100;1907.2;119.9;5.75
20/01/2023;1120.49;1111.4;15070;1907;119.9;5.75
24/01/2023;1117.16;1120.49;14885;1923.9;119.9;5.75
25/01/2023;1115.08;1117.16;14960;1936.29;119.9;5.75
26/01/2023;1140.49;1115.08;14945;1928.2;119.9;5.75
27/01/2023;1152.14;1140.49;14980;1936.2;119.9;5.75
30/01/2023;1140.76;1152.14;14965;1943.1;119.9;5.75
31/01/2023;1131.3;1140.9;14985;1950.3;119.9;5.75
01/02/2023;1128.44;1131.37;14970;1937.6;119.9;5.75
02/02/2023;1130.44;1128.65;14875;1936.6;119.9;5.75
03/02/2023;1153.32;1130.44;14890;1922.9;119.9;5.75
06/02/2023;1151.72;1153.32;15050;1929.5;119.9;5.75
07/02/2023;1161.83;1151.72;15140;1927.8;119.9;5.75
08/02/2023;1165.64;1161.9;15095;1916.3;123;5.75
09/02/2023;1171.02;1165.64;15090;1862.9;123;5.75
10/02/2023;1168.48;1171.02;15130;1866.2;123;5.75
13/02/2023;1170.81;1168.48;15190;1871.7;123;5.75
14/02/2023;1175.94;1170.88;15155;1877.4;123;5.75
15/02/2023;1165.33;1175.94;15200;1866.2;123;5.75
16/02/2023;1156.81;1165.33;15153;1862.8;123;5.75
17/02/2023;1162.24;1156.81;15200;1851.9;123;5.75
20/02/2023;1161.85;1162.31;15155;1854;123;5.75
21/02/2023;1148.46;1161.85;15185;1834.2;123;5.75
22/02/2023;1132.43;1148.33;15200;1837.2;123;5.75
23/02/2023;1137.63;1132.08;15185;1842;123;5.75
24/02/2023;1134.44;1137.63;15220;1840.4;123;5.75
27/02/2023;1140.41;1134.37;15265;1847.75;123;5.75
28/02/2023;1125.88;1140.13;15245;1850.5;123;5.75
01/03/2023;1134.15;1125.88;15230;1842.5;123;5.75
02/03/2023;1140.36;1134.15;15275;1833.3;123;5.75
03/03/2023;1127.75;1140.43;15295;1818.8;123;5.75
06/03/2023;1130.45;1127.95;15290;1809.2;123;5.75
07/03/2023;1128.15;1130.45;15345;1824.9;123;5.75
08/03/2023;1133.34;1128.22;15430;1836.7;122.4;5.75
09/03/2023;1142.63;1133.41;15420;1845.4;122.4;5.75
10/03/2023;1132.84;1142.56;15445;1840.5;122.4;5.75
13/03/2023;1129.53;1132.7;15360;1854.6;122.4;5.75
14/03/2023;1098.35;1129.53;15380;1854.6;122.4;5.75
15/03/2023;1099.05;1098.49;15360;1820;122.4;5.75
16/03/2023;1096.89;1099.12;15375;1818.6;122.4;5.75
17/03/2023;1118.15;1097.03;15340;1834.6;122.4;5.75
20/03/2023;1109.55;1118.15;15355;1867.2;122.4;5.75
21/03/2023;1134.51;1109.69;15340;1916.5;122.4;5.75
24/03/2023;1157.91;1134.51;15150;1910.9;122.4;5.75
27/03/2023;1133.2;1157.98;15155;1948.1;122.4;5.75
28/03/2023;1121.07;1133.27;15085;1939.7;122.4;5.75
29/03/2023;1139.6;1121.14;15060;1945.8;122.4;5.75
30/03/2023;1137.27;1139.6;15045;1960.4;122.4;5.75
31/03/2023;1136.13;1137.41;14990;1990.2;122.4;5.75
03/04/2023;1145.11;1136.28;14965;1999.7;122.4;5.75
04/04/2023;1140.57;1145.19;14895;1958.3;122.4;5.75
05/04/2023;1141.05;1140.71;14920;1966.6;122.4;5.75
06/04/2023;1140.96;1141.05;14910;2013.3;122.4;5.75
10/04/2023;1136.84;1140.96;14899;2001.7;122.4;5.75
11/04/2023;1141.42;1136.84;14881;1971.5;123.3;5.75
12/04/2023;1145.74;1141.42;14875;1973.5;123.3;5.75
13/04/2023;1147.02;1145.67;14750;1966.9;123.3;5.75
14/04/2023;1158.07;1147.17;14695;1980.3;123.3;5.75
17/04/2023;1148.66;1158.07;14785;1969;123.3;5.75
18/04/2023;1151.86;1148.8;14840;1983.9;123.3;5.75
26/04/2023;1158.39;1151.86;14830;2022.2;123.3;5.75
27/04/2023;1159.12;1158.54;14700;2020.9;123.3;5.75
28/04/2023;1151.04;1159.19;14665;2011.9;123.3;5.75
02/05/2023;1157.43;1151.04;14700;1989.1;123.3;5.75
03/05/2023;1148.93;1157.5;14680;2004.8;123.3;5.75
04/05/2023;1147.12;1149;14675;2007.3;123.3;5.75
05/05/2023;1150.19;1147.12;14670;2005.5;123.3;5.75
08/05/2023;1141.65;1150.19;14695;2008.6;123.3;5.75
09/05/2023;1139.67;1141.57;14725;2014.1;126.1;5.75
10/05/2023;1143.56;1139.67;14720;2009.7;126.1;5.75
11/05/2023;1140.01;1143.56;14720;2010.9;126.1;5.75
12/05/2023;1135.56;1140.09;14745;2041.3;126.1;5.75
15/05/2023;1132.17;1134.9;14795;2002.2;126.1;5.75
16/05/2023;1122.72;1132.17;14815;2081.2;126.1;5.75
17/05/2023;1123.43;1121.69;14860;1994.2;126.1;5.75
19/05/2023;1146.34;1123.66;14892;2010.3;126.1;5.75
22/05/2023;1156.5;1146.34;14923;1998;126.1;5.75
23/05/2023;1160.77;1156.5;14920;2009.8;126.1;5.75
24/05/2023;1155.78;1160.77;14885;1981.3;126.1;5.75
25/05/2023;1158.97;1155.86;14875;1990.6;126.1;5.75
26/05/2023;1160.6;1158.97;14895;1995.1;126.1;5.75
29/05/2023;1161.35;1160.67;14945;1986.9;126.1;5.75
30/05/2023;1162.67;1161.35;14950;1999;126.1;5.75
31/05/2023;1156.31;1162.67;14965;1999.1;126.1;5.75
05/06/2023;1155.49;1156.31;14980;1992.2;126.1;5.75
06/06/2023;1160.43;1155.49;15004;2023.3;126.1;5.75
07/06/2023;1155.58;1160.43;15023;2020;126.1;5.75
08/06/2023;1166.04;1155.14;14985;2037;126.1;5.75
09/06/2023;1173.3;1166.11;14914;2055.7;126.1;5.75
12/06/2023;1177.67;1173.3;14902;2024.8;128.3;5.75
13/06/2023;1180;1177.67;14885;2033.2;128.3;5.75
14/06/2023;1172.08;1180;14855;2042.9;128.3;5.75
15/06/2023;1173.23;1172.16;14875;2037.1;128.3;5.75
16/06/2023;1171.89;1173.31;14890;2033;128.3;5.75
19/06/2023;1171.1;1171.96;14835;2020.5;128.3;5.75
20/06/2023;1171.55;1171.1;14860;2019.8;128.3;5.75
21/06/2023;1181.09;1171.55;14855;2018;128.3;5.75
22/06/2023;1174.37;1181.17;14895;2010.3;128.3;5.75
23/06/2023;1166.96;1174.6;14940;2005.1;128.3;5.75
26/06/2023;1175.86;1166.96;14930;1988.4;128.3;5.75
27/06/2023;1187.95;1175.93;14990;1980.7;128.3;5.75
03/07/2023;1193.02;1187.95;14995;1956.5;128.3;5.75
04/07/2023;1188.78;1193.02;14940;1978.7;128.3;5.75
05/07/2023;1190.01;1188.71;14935;1974.8;128.3;5.75
06/07/2023;1189.27;1190.01;14946;1972.4;128.3;5.75
07/07/2023;1178.21;1189.27;14942;1962.8;128.3;5.75
10/07/2023;1178.71;1178.21;14938;1943.1;127.1;5.75
11/07/2023;1184.24;1178.79;14990;1963.1;127.1;5.75
12/07/2023;1188.03;1184.32;15010;1961.5;127.1;5.75
13/07/2023;1187.24;1188.03;14990;1954.1;127.1;5.75
14/07/2023;1196;1187.31;14987.9;1959.75;127.1;5.75
17/07/2023;1198.56;1196;15071;1977.1;127.1;5.75
18/07/2023;1193.65;1201.55;15040.4;1982.1;127.1;5.75
20/07/2023;1205.89;1193.65;15020;1995.5;127.1;5.75
21/07/2023;1207.16;1205.97;14990;1969.6;127.1;5.75
24/07/2023;1201.45;1207.23;15010;1974.3;127.1;5.75
25/07/2023;1205.73;1201.45;15040;1981.5;127.1;5.75
26/07/2023;1211.96;1205.73;15130;1973.9;127.1;5.75
27/07/2023;1208.59;1212.03;15190;1971.6;127.1;5.75
28/07/2023;1213.04;1208.59;15228;1969.4;127.1;5.75
31/07/2023;1213.22;1217.36;15135;1958.4;127.1;5.75
01/08/2023;1202.14;1213.3;15075;1978.6;127.1;5.75
02/08/2023;1205.84;1202.14;14965;1977.2;127.1;5.75
03/08/2023;1218.47;1205.84;14955;1969.7;127.1;5.75
04/08/2023;1208.36;1218.62;15000;1958.6;127.1;5.75
07/08/2023;1223.12;1212.79;14990;1968.9;127.1;5.75
08/08/2023;1218.46;1224.38;14999;1961.8;123.5;5.75
09/08/2023;1226.56;1221.64;14985;1962.2;123.5;5.75
10/08/2023;1228.06;1227.07;15020;1969.45;123.5;5.75
11/08/2023;1223.61;1228.14;15020;1964.05;123.5;5.75
14/08/2023;1227.99;1222.35;14990;1938.9;123.5;5.75
15/08/2023;1215.09;1225.62;15015;1936.1;123.5;5.75
16/08/2023;1214.23;1212.53;14995;1929.4;123.5;5.75
18/08/2023;1211.66;1214.15;15090;1915;123.5;5.75
