Tanggal;Terakhir;Pembukaan;Tertinggi;Terendah
23/12/2016;576,13;573,42;583,95;571,82
27/12/2016;582,88;573,62;584,16;571,97
28/12/2016;594,3;587,15;596,84;585,79
29/12/2016;611,62;597,09;612,95;595,25
30/12/2016;613,8;612,84;618,86;610,75
03/01/2017;614,64;614,76;614,76;606,27
04/01/2017;619,66;615,87;620,25;609,88
05/01/2017;615,2;619,69;621,51;612,63
06/01/2017;616,02;613,45;617,67;612,67
09/01/2017;607,59;615,29;618,4;605,66
10/01/2017;611,32;611,99;613,76;607,98
11/01/2017;610,06;613,12;616,63;610,06
12/01/2017;609,81;611,89;614,67;609,81
13/01/2017;605,77;611,25;613,96;605,77
16/01/2017;601,68;607,7;607,84;600,44
17/01/2017;603,09;601;606,15;601
18/01/2017;608,34;605,38;608,34;604,27
19/01/2017;608,65;609,55;611,67;606,41
20/01/2017;604,3;607,02;607,99;600,94
23/01/2017;602,91;602,35;606,97;601,38
24/01/2017;603,83;605,64;607,87;603,83
25/01/2017;600,86;606,54;607,58;600,68
26/01/2017;605,6;602,3;608,94;602,04
27/01/2017;608,96;603,99;610,9;603,29
30/01/2017;610,11;613,39;613,83;609,01
31/01/2017;606,35;609,91;611,65;605,86
01/02/2017;613,54;610,6;615,06;608,68
02/02/2017;616,38;613,15;616,71;612,42
03/02/2017;617,93;617,31;619,05;616,48
06/02/2017;625,43;621,75;627,4;621,14
07/02/2017;627,72;623,25;628,22;623,25
08/02/2017;622,38;626,75;626,98;621,29
09/02/2017;627,61;625,22;629,45;624,93
10/02/2017;620,37;629,58;631,28;620,37
13/02/2017;630,02;629,75;631,67;626,51
14/02/2017;628,44;628,37;629,62;625,91
16/02/2017;626,56;627,79;628,5;617,59
17/02/2017;622,54;625,01;625,85;620,12
20/02/2017;626,45;626,39;626,97;623,79
21/02/2017;626,89;627,6;630,24;625,73
22/02/2017;630,28;628,07;631,01;625,92
23/02/2017;628,15;626,15;629,53;626,15
24/02/2017;627,81;629,65;630,79;627,81
27/02/2017;625,2;629,47;629,58;623,48
28/02/2017;628,26;627,69;630,62;625,36
01/03/2017;627,67;626,63;628,5;624,41
02/03/2017;626,74;630,83;633,26;626,74
03/03/2017;627,18;626,56;628,76;625,62
06/03/2017;627,9;626,87;628,66;623,71
07/03/2017;628,05;626,93;629,51;625,89
08/03/2017;628,29;629,88;630,48;627,48
09/03/2017;632,69;628,95;632,69;628,33
10/03/2017;632,7;634,9;635,14;629,2
13/03/2017;632;632,43;633,96;629,3
14/03/2017;634,61;632,33;637,8;631,71
15/03/2017;635,5;635,98;638,94;633,88
16/03/2017;646,8;642,42;646,89;641,22
17/03/2017;655,78;652,05;658,1;651,04
20/03/2017;657,97;658,86;665,63;655,14
21/03/2017;660,29;660,98;663,1;657,23
22/03/2017;662,4;653,63;662,4;650,96
23/03/2017;670,17;662,43;673,82;660,53
24/03/2017;668,3;671,82;671,94;664,25
27/03/2017;658,24;666,73;667,93;656,36
29/03/2017;663,02;663,87;667,68;660,13
30/03/2017;664,07;660,15;664,22;656,39
31/03/2017;661,12;662,77;666,5;661,12
03/04/2017;663,9;662,07;670,38;660,6
04/04/2017;666,68;662,68;671,06;661,23
05/04/2017;671,83;669,39;673,74;668,52
06/04/2017;686,82;673,9;686,93;672,07
07/04/2017;680,84;686,27;687,96;680,28
10/04/2017;679,8;685,34;690,24;676,74
11/04/2017;671,72;681,08;681,08;669,78
12/04/2017;672,65;671,07;675,33;670,18
13/04/2017;667,1;677,9;678,66;664,81
17/04/2017;657,24;668,31;668,31;657,24
18/04/2017;665,45;661,76;668,83;661,55
20/04/2017;664,38;668,68;672,01;662,84
21/04/2017;666,83;662,02;670,01;661,3
25/04/2017;671,02;672,16;674,39;667,75
26/04/2017;685,33;676,68;685,33;673,95
27/04/2017;675,21;675,23;681,22;673,69
28/04/2017;677,28;675,86;679,89;675,02
02/05/2017;681,52;680,6;684,08;679,53
03/05/2017;679,83;681,04;681,78;678,74
04/05/2017;694,25;682,09;694,25;682,09
05/05/2017;696,05;694,37;697,67;692,02
08/05/2017;704,09;698,3;706,92;698,3
09/05/2017;701,34;709,21;713,97;701,26
10/05/2017;698,6;702,13;707,01;695,35
12/05/2017;701,16;710,08;710,08;698,17
15/05/2017;707,25;705,37;707,25;700,48
16/05/2017;691,06;704,28;705,99;691,06
17/05/2017;686,16;692,73;693,05;680,26
18/05/2017;694,03;678,84;694,16;675,13
19/05/2017;719,51;690,79;732,58;687,43
22/05/2017;715,27;731,65;738;711,25
23/05/2017;708,41;721,04;721,98;700,71
24/05/2017;701,38;700,6;702,96;696,71
26/05/2017;702,67;703,12;707,39;700,64
29/05/2017;707,93;706,46;709,53;700,65
30/05/2017;704,84;704;709,67;704
31/05/2017;705,8;705,77;710,66;702,93
02/06/2017;714,47;713,34;714,55;709,19
05/06/2017;719,98;717,31;722,88;711,9
06/06/2017;710,45;713,54;718,81;709,35
07/06/2017;714,26;711,4;715,88;710,58
08/06/2017;711,39;714,75;717,21;710,97
09/06/2017;703,16;710,93;711,77;701,6
12/06/2017;707,6;701,34;711,11;701,29
13/06/2017;707,86;704,53;711,76;704,22
14/06/2017;720,95;706,93;720,95;706,88
15/06/2017;719,67;717,97;723,61;717,03
16/06/2017;712,3;720,17;721,45;710,13
19/06/2017;715,8;713,85;715,87;711,83
20/06/2017;722,16;715,74;722,16;714,84
21/06/2017;729,53;720,02;729,53;718,63
22/06/2017;728,56;728,87;728,87;723,33
03/07/2017;746,17;728,85;746,17;725,88
04/07/2017;742,92;741,23;747,74;739,15
05/07/2017;737,5;742,24;744,41;734,55
06/07/2017;736,32;733,99;738,84;733,99
07/07/2017;737,36;733,9;742,96;733,89
10/07/2017;729,02;737,36;739,28;728,07
11/07/2017;727,54;726,96;730,22;724,52
12/07/2017;736,91;724,51;737,72;724,51
13/07/2017;740,25;740,24;741,39;733,05
14/07/2017;740,28;740,22;741,2;733
17/07/2017;741,42;738,23;741,42;737,44
18/07/2017;739,47;735,82;739,47;734,96
19/07/2017;736,4;739,59;740,14;734,91
20/07/2017;738,01;736,56;739,11;735,12
21/07/2017;728,17;737,03;739,62;727,9
24/07/2017;736,77;727,67;737,33;725,86
25/07/2017;741,08;736,97;741,23;735,66
26/07/2017;743,83;739,86;746,65;739,59
27/07/2017;747;744,12;747,68;743,65
28/07/2017;744,96;749,51;749,83;741,24
31/07/2017;752,67;741,83;753,79;740,89
01/08/2017;750,81;756,56;756,56;750,17
02/08/2017;750,83;751,47;753,08;748,08
03/08/2017;743,44;751,63;751,63;741,05
04/08/2017;742,45;743,06;747,07;741,26
07/08/2017;744,15;743,21;747,72;743,21
08/08/2017;755,55;745,77;755,55;745,77
09/08/2017;757,94;757,53;757,94;752,91
10/08/2017;756,97;759,83;760,33;754,46
11/08/2017;750,54;755,1;755,72;748,65
14/08/2017;754,42;751,01;756,45;750,97
15/08/2017;755,1;754,68;757,02;752,25
16/08/2017;760,84;755,91;760,84;755,28
18/08/2017;754,75;755,17;758,84;753,5
21/08/2017;759,5;753,88;760,09;753,88
22/08/2017;761,03;758,52;762,96;758,52
23/08/2017;765,74;764,78;766,67;760,36
24/08/2017;760,39;766,3;766,82;758,4
25/08/2017;762,33;765,81;765,84;760,43
28/08/2017;761,83;760,36;762,7;758,34
29/08/2017;757,78;760,28;760,75;755,1
30/08/2017;759,23;758,86;760,38;754,95
31/08/2017;757,95;757,38;761,81;756,18
04/09/2017;750,4;755,23;756,78;748,25
05/09/2017;754,34;754,54;755,36;744,7
06/09/2017;748,51;748,77;750,85;745,33
07/09/2017;753,11;751,39;753,98;747,41
08/09/2017;753,98;747,84;756,79;747,47
11/09/2017;752,85;755,61;756,57;752,85
12/09/2017;754,89;753,25;757,4;752,69
13/09/2017;753,51;753,13;756,75;751,87
14/09/2017;753,13;754,32;756,12;752,18
15/09/2017;755,45;752,12;757,65;750,02
18/09/2017;756,09;756,1;758,06;752,39
19/09/2017;759,87;755,29;760,11;753,56
20/09/2017;760,16;759,39;760,36;757,02
22/09/2017;779,69;761,71;781,4;761,14
25/09/2017;776,01;778,48;781,36;775,06
26/09/2017;771,97;777,35;778,05;771,38
27/09/2017;769,02;774,77;774,77;766,65
28/09/2017;761,35;766,76;768,93;760,98
29/09/2017;780,34;767,16;782,14;765,08
02/10/2017;780,19;784,5;787,38;779,11
03/10/2017;783,93;781,9;785,84;777,56
04/10/2017;782,52;788,42;788,95;781,96
05/10/2017;778,84;785,37;786,27;774,51
06/10/2017;780,83;781,08;781,64;775,19
09/10/2017;779,44;782,64;783,41;777,89
10/10/2017;779,02;777,19;781,86;776,99
11/10/2017;780,42;777,03;782,34;775,62
12/10/2017;791,95;781,74;794,55;779,77
13/10/2017;788,56;792,41;798,26;788,45
16/10/2017;791,36;792,16;800,26;789,61
17/10/2017;791,58;795,47;796,43;785,21
18/10/2017;789,27;796,64;796,9;786,46
19/10/2017;790,12;791,15;791,68;786,51
20/10/2017;794,97;792,12;802,82;789,89
23/10/2017;797,58;799,21;805,13;797,12
24/10/2017;789,05;798,14;801,83;789,05
25/10/2017;799,9;791,78;799,9;790,93
26/10/2017;796,65;799,88;802,39;796,36
27/10/2017;788,41;796,9;800,92;787,13
30/10/2017;790,43;793,39;794,56;788,31
31/10/2017;796,88;799,39;799,39;793,08
01/11/2017;808,76;799,51;808,92;799,51
02/11/2017;816,49;812,27;821,94;810,32
03/11/2017;810,21;818,95;819,48;804,07
06/11/2017;812,58;811,53;820,22;810,29
07/11/2017;812,43;811,52;814,14;808,38
08/11/2017;812,45;812,64;822,21;811,08
09/11/2017;815,01;814,41;819,18;814,03
10/11/2017;811,02;817,7;821,63;810,73
13/11/2017;807,1;810,7;814;806,95
14/11/2017;799,26;805,98;812,34;799,26
15/11/2017;802,56;803,83;808,2;798,24
16/11/2017;811,65;804,94;814,54;804,47
17/11/2017;826,71;817,51;830,23;815,58
20/11/2017;828,57;828,81;836,37;827,68
21/11/2017;824,6;830,54;831,68;822,43
22/11/2017;835,66;826,39;838,57;825,85
23/11/2017;832,48;836,64;840,23;830,08
24/11/2017;831,57;833,2;833,25;827,14
27/11/2017;830,49;827,48;832,32;822,88
28/11/2017;837,57;830,87;837,82;825,4
29/11/2017;830,59;839,24;839,8;828,24
30/11/2017;813,55;831,6;838,3;813,55
04/12/2017;825,72;830,83;832,72;821,65
05/12/2017;834,15;832,67;836,51;828,87
06/12/2017;847,2;836,78;848,05;833,94
07/12/2017;835,78;846,11;846,85;835,58
08/12/2017;842,98;842,59;846,69;839,25
11/12/2017;847,13;849,34;850,4;844,35
12/12/2017;846,86;849,61;849,61;842,09
13/12/2017;847,4;844,33;848,65;843,04
14/12/2017;851,31;846,95;851,31;842,73
15/12/2017;846,43;846,56;848,27;840,34
18/12/2017;848,94;840,93;848,94;838,78
19/12/2017;855,75;846,78;857,09;844,45
20/12/2017;850,83;856,53;856,77;846,83
21/12/2017;861,47;857,27;866,47;854,88
22/12/2017;870,59;863,03;872,03;858,86
27/12/2017;889,15;871,37;890,91;871,37
28/12/2017;899,14;890,64;900,51;888,78
29/12/2017;900,64;904,21;917,04;889,51
02/01/2018;895,4;903,08;912,88;891,73
03/01/2018;886,42;895,71;896,29;876,06
04/01/2018;889,86;886,84;889,86;877,29
05/01/2018;891,48;888,42;893,38;885,21
08/01/2018;894,64;892,88;897,07;889,61
09/01/2018;894,08;898,5;899,1;888,66
10/01/2018;891,37;895,36;898,33;886,63
11/01/2018;899,25;892,86;899,25;889,19
12/01/2018;897,28;900,1;905,37;892,94
15/01/2018;902,87;899,13;903,62;897,33
16/01/2018;909,7;900,53;910,91;900,33
17/01/2018;903,39;911,79;912,13;903,25
18/01/2018;908,04;906,46;910,24;903,09
19/01/2018;905,18;910,33;911,03;900,05
22/01/2018;905,64;908,03;910,18;904,04
23/01/2018;930,67;912,68;930,67;912,09
24/01/2018;927,14;929,27;929,94;923,44
25/01/2018;919,96;928,85;929,15;917,04
26/01/2018;928,87;922,97;930,82;920,76
29/01/2018;927,89;930,77;931,48;913,48
30/01/2018;916,19;923,33;925,62;912,25
31/01/2018;920,7;912,42;923,86;907,52
01/02/2018;928,7;924,91;934,53;924,28
02/02/2018;936,69;935,27;947,79;933,62
05/02/2018;936,44;924;938,48;920,44
06/02/2018;919,6;920,15;926,73;914,17
07/02/2018;928,06;925,53;935,67;924,72
08/02/2018;933,6;929,42;936,67;925,55
09/02/2018;929,99;923,78;930,87;920,76
12/02/2018;936,23;932,1;938,79;927,94
13/02/2018;949,65;941,11;952,43;941,11
14/02/2018;947,77;950,37;953,19;943,05
15/02/2018;942,23;952,27;952,96;938,61
19/02/2018;961,26;947,09;961,26;944,21
20/02/2018;967,71;959,14;967,71;952,38
21/02/2018;962,52;963,15;964,83;955,07
22/02/2018;949,99;963,61;964,29;947,09
23/02/2018;954,63;950,9;960,9;950,9
26/02/2018;934,57;952,14;955,35;934,57
27/02/2018;941,35;940,05;943,53;934,64
28/02/2018;932,45;940,14;940,77;930,8
01/03/2018;933,36;934,43;938,63;932,1
02/03/2018;930,71;931,07;931,35;922,6
05/03/2018;923;931,41;935,14;923
06/03/2018;910,93;928,74;931,45;906,88
07/03/2018;898,29;914,5;916,88;890,8
08/03/2018;922,55;910,58;924,58;906,18
09/03/2018;917,3;918,51;922,58;908,15
12/03/2018;931,42;921,77;931,42;920,58
13/03/2018;924,33;929,06;929,7;917,68
14/03/2018;925,84;924,46;925,84;914,24
15/03/2018;911,8;922,11;923,36;911,78
16/03/2018;912,02;913,14;914,64;891,28
19/03/2018;917,68;914,79;919,45;909
20/03/2018;915,44;915,34;916,75;903,37
21/03/2018;925,14;919,07;925,52;917,23
22/03/2018;908,62;927,7;927,7;907,14
23/03/2018;906,42;888,98;906,42;877,3
26/03/2018;903,33;895,39;904,88;892,21
27/03/2018;902,5;913,47;916,49;898,56
28/03/2018;888,34;901,72;902,13;879,89
29/03/2018;890,69;886,33;890,69;872,62
02/04/2018;895,78;884,32;895,78;879,77
03/04/2018;894,07;888,22;895,55;886,99
04/04/2018;875,28;896,11;896,25;869,06
05/04/2018;870,86;884,07;886,66;870,86
06/04/2018;866,41;869,48;870,98;863,25
09/04/2018;872,78;873,6;873,6;864,96
10/04/2018;892,57;874,44;897,97;872,98
11/04/2018;900,83;902,46;907,24;900,13
12/04/2018;895,17;901,66;901,71;888,56
13/04/2018;890,94;900,05;900,84;890,94
16/04/2018;892,22;892,02;893,89;885,87
17/04/2018;890,23;892,52;895,49;884,13
18/04/2018;899,52;895,24;899,52;889,95
19/04/2018;899,01;900,93;901;895,57
20/04/2018;900,25;902,05;902,63;891,66
23/04/2018;891,94;895,5;898,74;888,78
24/04/2018;872,94;892,46;893,57;871,84
25/04/2018;830,88;868,75;869,37;829,58
26/04/2018;800,39;825,09;828,73;792,55
27/04/2018;808,31;813,18;818,79;801,46
30/04/2018;824,03;812,72;830,93;811,18
02/05/2018;835;824,65;835;820,5
03/05/2018;809,22;830,12;830,9;809,22
04/05/2018;788,55;807,35;811,44;787,01
07/05/2018;797,82;791,59;800,44;784,34
08/05/2018;793,68;796,46;796,88;784,08
09/05/2018;828,97;788,97;828,97;787,75
11/05/2018;828,04;833,17;847,24;828,04
14/05/2018;830,6;823,77;830,6;811,65
15/05/2018;801,42;823,86;829,15;798,54
16/05/2018;802,41;789,05;802,41;780,89
17/05/2018;786,96;802,65;807,82;786,96
18/05/2018;779,5;789,45;794,12;779,5
21/05/2018;761,29;772,56;775,81;759,22
22/05/2018;757,67;767,53;776,45;757,67
23/05/2018;775,81;765,1;787,28;765,1
24/05/2018;806,37;789,07;808,43;788,4
25/05/2018;815,23;809,46;815,23;803,45
28/05/2018;843,33;818,84;846,64;815,98
30/05/2018;831,8;838,12;854,76;828,62
31/05/2018;819,95;840,35;841,62;816,98
04/06/2018;834,97;826,85;837,67;825,44
05/06/2018;829,26;835,88;837,05;822,91
06/06/2018;834,67;827,94;836,07;824,87
07/06/2018;844,94;839,48;845,21;835,74
08/06/2018;812,98;839,35;842,1;811,62
20/06/2018;778,07;797,17;798,38;772,14
21/06/2018;769,68;779,19;789,16;768,77
22/06/2018;784,67;771,68;784,67;762,25
25/06/2018;781,79;786,86;789,55;773,02
26/06/2018;762,25;771,65;781,35;762,25
27/06/2018;760,53;766,83;770,2;760,53
28/06/2018;742,81;761,93;764,86;741,19
29/06/2018;767,81;752,64;768,08;749,04
02/07/2018;760,11;776,86;777,27;760,11
03/07/2018;741,47;761,06;764,17;741,47
04/07/2018;764,52;748,63;767,59;738,43
05/07/2018;759,64;758,12;761,6;750,21
06/07/2018;743,88;753,83;755,55;743,88
09/07/2018;773,27;750,43;776,18;747,59
10/07/2018;777,38;777,41;783,73;766,49
11/07/2018;775,43;764,13;776,81;761,45
12/07/2018;781,38;770,04;783,86;769,74
13/07/2018;791,19;783,15;794,5;783,15
16/07/2018;792,72;792,87;795,49;779,96
17/07/2018;776,94;784,79;786,7;773,82
18/07/2018;783,12;779,6;785,93;777,94
19/07/2018;784;786,42;792,5;782,55
20/07/2018;784,85;783,98;786,12;776,47
23/07/2018;794,06;788,97;800,78;787,39
24/07/2018;798,82;799,71;800,54;793,41
25/07/2018;796,76;797,65;799,93;793,97
26/07/2018;799,84;797,36;805,12;797,32
27/07/2018;800,83;801,7;801,99;795,15
30/07/2018;805,4;803,72;805,4;796,59
31/07/2018;802,75;804,71;804,88;789,84
01/08/2018;825,98;805,63;826,06;802,74
02/08/2018;830,12;827,78;837,01;825,29
03/08/2018;839,9;830,19;840,42;828,08
06/08/2018;856,97;841,5;857,59;840,92
07/08/2018;849,84;852,01;858,74;849,84
08/08/2018;853,32;856,5;857,67;844,27
09/08/2018;853,79;850,54;855,39;848,91
10/08/2018;856,58;854,71;868,1;852,78
13/08/2018;816,39;841,75;844,17;814,63
14/08/2018;809,4;813,1;822,08;802,17
15/08/2018;816,9;813,05;817,79;791,94
16/08/2018;800,1;812,57;812,57;799,05
20/08/2018;817,66;811,39;821,32;804,85
21/08/2018;818,43;814,86;821,72;812,51
23/08/2018;839,51;821,83;839,51;817,58
24/08/2018;842,76;837,73;850,23;834,88
27/08/2018;854,08;848,27;854,08;842,47
28/08/2018;856,09;856,56;860,63;849,69
29/08/2018;851,61;845,31;851,81;842,96
30/08/2018;843,39;854,58;858,03;841,93
31/08/2018;841,04;836,83;841,04;830,27
03/09/2018;836,44;844,13;845,04;835,28
04/09/2018;824,74;838,45;839,44;820,26
05/09/2018;791,18;816,04;816,04;780,95
06/09/2018;809,39;786,43;814,63;784,37
07/09/2018;818,87;810,61;818,87;802,71
10/09/2018;812;811,36;814,67;800,43
12/09/2018;791,24;813,14;816,53;791,24
13/09/2018;807,34;801,29;809,08;800,3
14/09/2018;818,8;811,07;819;806,39
17/09/2018;801,7;813;814,37;797,8
18/09/2018;799,58;799,29;806,93;794,66
19/09/2018;804,64;804,17;809,48;800,26
20/09/2018;816,16;811,14;820,38;808,83
21/09/2018;823,57;822,45;832,98;822,45
24/09/2018;813,07;825,57;827,79;810,67
25/09/2018;811,62;810,92;814,73;805,05
26/09/2018;812,15;808,43;820,23;807,81
27/09/2018;815,52;809,36;820,93;809,36
28/09/2018;825,82;815,16;827,34;815,16
01/10/2018;824,46;821,27;830,44;821,27
02/10/2018;812,19;823,92;825,67;808,87
03/10/2018;814,25;811,36;820,12;809,51
04/10/2018;791,2;808,86;808,99;789,83
05/10/2018;784,88;790,37;795,35;782,92
08/10/2018;788,1;784,21;798,15;783,12
09/10/2018;798,75;788,66;798,75;788,66
10/10/2018;797,67;802,92;806,07;792,78
11/10/2018;773,64;780,43;787,55;767,57
12/10/2018;788,28;778,75;795,9;778,75
15/10/2018;798,36;794,58;802,69;791,39
16/10/2018;807,09;799,33;807,09;792,98
17/10/2018;813,47;814,92;816,72;807,2
18/10/2018;806,56;808,88;811,09;802,07
19/10/2018;797,72;799,2;805,64;796,94
22/10/2018;796,82;797,47;804,02;796,03
23/10/2018;791,02;799,02;802,14;789,61
24/10/2018;778,11;790,22;795,39;778,11
25/10/2018;787,52;766,5;788,5;765,59
26/10/2018;794,76;790,23;795,19;786,32
29/10/2018;784,47;791,75;798,13;784,47
30/10/2018;798,73;787,47;800,44;784,45
31/10/2018;818,1;804,81;818,1;800,49
01/11/2018;833,42;825,09;837,31;823,39
02/11/2018;850,06;841,79;851,13;830,82
05/11/2018;849,33;847,05;850,63;842,92
06/11/2018;856,76;854,65;861,79;850,78
07/11/2018;856,26;861,05;861,63;847,17
08/11/2018;865,65;864,39;872,48;859,63
09/11/2018;852,43;859,18;860,35;848,55
12/11/2018;834,06;851,36;851,64;834,06
13/11/2018;849,69;828,81;851,47;825,38
14/11/2018;849,83;852,67;861,02;849,83
15/11/2018;864,95;855,95;865,67;848,87
16/11/2018;880,45;870,46;887,99;868,03
19/11/2018;887,79;886,75;892,17;877,36
21/11/2018;871,92;871,99;877,22;863,21
22/11/2018;886,4;870,32;887,72;870,32
23/11/2018;881,46;888,62;895,48;877,99
26/11/2018;888,46;874,68;889,22;874,63
27/11/2018;900,22;883,57;900,97;882,35
28/11/2018;900,82;907,07;907,12;896,11
29/11/2018;923,49;908,21;923,49;907,59
30/11/2018;907,46;917,49;920,92;906,03
03/12/2018;916,71;919,78;934,88;916,71
04/12/2018;924,38;914,2;928,22;913,22
05/12/2018;917,61;909,3;917,87;904,38
06/12/2018;914,98;907,98;915,51;903,46
07/12/2018;908,41;911,44;914,54;904,66
10/12/2018;904,66;899,15;907,1;898,45
11/12/2018;902,95;901,98;906,2;899,38
12/12/2018;904,37;906,07;908,42;900,03
13/12/2018;915,44;911,51;917,06;906,33
14/12/2018;912,06;912,96;915,2;909,14
17/12/2018;901,51;908,35;912,07;901,51
18/12/2018;896,58;890,58;897,38;881,81
19/12/2018;911,88;893,9;912,52;893,9
20/12/2018;899,64;900,72;906;895,36
21/12/2018;899,68;890,58;902,21;890,53
26/12/2018;901,55;892,82;902,34;888,82
27/12/2018;906,89;909,27;911,66;902,3
28/12/2018;910,52;910,3;914,71;907,34
02/01/2019;909,32;908,24;912,25;905,36
03/01/2019;903,93;903,57;911;895,78
04/01/2019;915,51;903,57;915,51;899,14
07/01/2019;920,41;924,11;930,39;920,41
08/01/2019;921,47;919,65;927,36;917,75
09/01/2019;929,6;931,1;932,58;925,65
10/01/2019;934,43;935,46;936,38;926,38
11/01/2019;935,65;938,81;941,09;932,98
14/01/2019;935,72;935,34;936,42;927,6
15/01/2019;944,63;937,59;944,63;933,23
16/01/2019;948,53;945,75;948,53;940,78
17/01/2019;953,91;949,46;959,19;948,22
18/01/2019;961,77;958,1;961,77;951,27
21/01/2019;965,5;957,71;970,77;957,5
22/01/2019;970,28;965,44;970,98;957,92
23/01/2019;956,36;964,88;966,8;956,36
24/01/2019;955,2;951,01;957,96;946,87
25/01/2019;955,46;953,95;960,84;952,74
28/01/2019;949,83;954,79;957,74;945,65
29/01/2019;944,97;946,21;954,55;940,74
30/01/2019;951,28;945,8;953,7;943,18
31/01/2019;970,87;956,27;972,7;955,98
01/02/2019;980,85;976,97;986,3;973,81
04/02/2019;964,46;980,43;983,1;964,46
06/02/2019;970,03;968,03;973,14;967,5
07/02/2019;970,26;970,63;970,89;963,87
08/02/2019;969,02;963,6;969,41;960,94
11/02/2019;967,5;969,41;971,81;963,02
12/02/2019;956,49;972,71;973;952,63
13/02/2019;945,52;958,62;959,89;945,39
14/02/2019;942,59;948,73;951,63;940,73
15/02/2019;939,68;943,18;945,83;935,47
18/02/2019;956,71;947,2;957,79;946,62
19/02/2019;951,89;956,81;967,24;951,89
20/02/2019;956,12;957,68;966,91;949,84
21/02/2019;964,45;956,17;965,59;954,83
22/02/2019;955,37;958,21;962,05;951,35
25/02/2019;962,91;959,52;963,81;954,2
26/02/2019;966,8;964,14;966,8;957,87
27/02/2019;960,78;963,05;966,04;956,68
28/02/2019;950,73;961,13;961,26;949,39
01/03/2019;953,09;955,74;958,95;950,36
04/03/2019;949,66;953,12;955,61;949,47
05/03/2019;938,9;947,32;947,85;933,6
06/03/2019;945,86;945,06;949,19;937,85
08/03/2019;933,62;943,09;945,9;933,57
11/03/2019;931,48;944,43;944,91;931,48
12/03/2019;927,75;936,87;938,34;926,83
13/03/2019;927,91;924,57;928,94;922,19
14/03/2019;937,16;926,02;938,25;924,3
15/03/2019;952,68;942,11;957,7;941,23
18/03/2019;961,12;958,24;963,67;956,25
19/03/2019;962,73;963,01;964,77;955,81
20/03/2019;966,15;963,85;967,07;960,58
21/03/2019;969,12;968,79;974,39;965,64
22/03/2019;976,12;970,53;976,91;968,9
25/03/2019;960,01;963,69;969,57;957,61
26/03/2019;969,25;967,28;970,94;964,23
27/03/2019;962,04;972,28;972,38;961,18
28/03/2019;975;967,6;975;963,6
29/03/2019;980,59;972,68;980,59;970,13
01/04/2019;976,49;983,18;984,09;976,49
02/04/2019;981,06;984,88;988,39;974,97
04/04/2019;995,47;987,39;996,43;984,1
05/04/2019;990,95;999,38;1000,58;990,95
08/04/2019;992,89;993,69;993,69;979,78
09/04/2019;999,63;994,42;1003,07;991,08
10/04/2019;1000,62;999,28;1000,62;995,13
11/04/2019;991,41;1000,86;1001,7;990,17
12/04/2019;989,4;987,57;991,82;986,36
15/04/2019;992,71;996,65;998,3;989,96
16/04/2019;997,52;991,47;999,05;989,93
18/04/2019;1014,94;1017,06;1056,4;1010,25
22/04/2019;1009,82;1014,71;1018,56;1004,06
23/04/2019;1009,93;1009,44;1016,84;1004,4
24/04/2019;1006,02;1010,66;1012,21;1004,61
25/04/2019;998,26;997,59;1003,49;989,3
26/04/2019;1003,84;990,11;1005,17;982,84
29/04/2019;1009,8;1000,97;1009,8;997,67
30/04/2019;1013,6;1013,08;1016,97;1008,55
02/05/2019;998,34;1018,41;1019,81;995,37
03/05/2019;989,68;995,43;995,43;979,6
06/05/2019;967,26;975,28;975,28;963,13
07/05/2019;974,94;972,94;979,34;971,79
08/05/2019;968,58;966,08;970,59;959,25
09/05/2019;956,33;960,51;964,71;955,5
10/05/2019;954,25;955,79;963,02;948,07
13/05/2019;950,78;961,4;964,39;950,73
14/05/2019;937,5;939,43;947,98;931,36
15/05/2019;922,17;943,2;944,34;922,17
16/05/2019;905,27;923,36;930,36;902,47
17/05/2019;886,75;914,67;916,29;886,75
20/05/2019;903,47;885,63;911,47;871,85
21/05/2019;911,52;913,45;919,89;905,49
22/05/2019;911,19;912,1;916,47;906,08
23/05/2019;933,89;913,93;936,06;911,4
24/05/2019;938,34;930,29;946,26;929,68
27/05/2019;949,19;934,63;951,4;933,66
28/05/2019;929,69;946,79;949,58;929,4
29/05/2019;942,48;940,22;947,76;937,26
31/05/2019;963,55;947,12;968,61;946,19
10/06/2019;983,09;987,82;1004,49;979,46
11/06/2019;985,06;985,2;989,02;975,65
12/06/2019;979,65;977,5;983;975,44
13/06/2019;977,5;984,51;984,51;974,98
14/06/2019;976,19;978,8;982,45;973,05
17/06/2019;970,59;979,73;980,51;970,28
18/06/2019;985,11;969,36;985,11;968,97
19/06/2019;997,35;990,98;999,27;990,98
20/06/2019;995,65;998,85;1001,24;986,07
21/06/2019;996,37;996,38;1000,22;988,24
24/06/2019;994,27;992,98;999,18;992,29
25/06/2019;997,29;1001,88;1002,36;994,25
26/06/2019;996,14;996,71;1001,45;994,91
27/06/2019;1003,2;997,93;1003,42;994,4
28/06/2019;1009,59;1006,33;1010,45;1004,79
01/07/2019;1013,62;1013,58;1017,13;1010,67
02/07/2019;1012,95;1014,57;1015,24;1007,79
03/07/2019;1010,8;1007,11;1013,04;1004,5
04/07/2019;1011,58;1008,98;1013,5;1006,29
05/07/2019;1005,19;1012;1014,57;1002,75
08/07/2019;1001,89;999,22;1006,89;998,09
09/07/2019;1010,27;998,39;1011,1;998,39
10/07/2019;1014,84;1011,22;1020,03;1010,83
11/07/2019;1021,42;1019,45;1022,58;1017,74
12/07/2019;1021,14;1020,67;1024,29;1019,77
15/07/2019;1031,43;1028,12;1034,7;1025,69
16/07/2019;1028,98;1026,53;1031,12;1024,8
17/07/2019;1029,6;1024,32;1029,6;1021,09
18/07/2019;1020,57;1023,81;1026,75;1018,21
19/07/2019;1027,28;1022,41;1029,48;1021,64
22/07/2019;1029,39;1030,11;1031,43;1022,84
23/07/2019;1022,31;1028,04;1032,11;1020,91
24/07/2019;1018,17;1024,9;1025,21;1014,69
25/07/2019;1020,27;1021,21;1023,47;1014,98
26/07/2019;1011,87;1013,43;1016,79;1009,53
29/07/2019;1013,02;1017,18;1018,13;1007,92
30/07/2019;1024,23;1015,78;1025,35;1013,71
31/07/2019;1023,33;1021,21;1024,47;1017,78
01/08/2019;1017,22;1021,57;1025,15;1014,39
02/08/2019;1008,26;1008,83;1012,69;1003,93
05/08/2019;975,46;1006,4;1007,19;975,46
06/08/2019;953,8;953,95;964,99;938,09
07/08/2019;975,66;963,19;978,51;959,99
08/08/2019;984,31;978,1;989,16;975,38
09/08/2019;987,45;989,96;995,83;986,39
12/08/2019;982,98;992,17;992,48;979,04
13/08/2019;978,95;985,09;985,13;976,35
14/08/2019;989,71;987,82;992,41;982,75
15/08/2019;982,05;971,66;982,05;965,13
16/08/2019;975,41;984,56;985,2;974,89
19/08/2019;976,51;977,44;981,75;973,33
20/08/2019;968,87;979,95;980,54;964,9
21/08/2019;958,59;968,22;972,59;957,82
22/08/2019;962,14;958,47;968,3;950,76
23/08/2019;961,47;955,78;961,47;952,04
26/08/2019;957,25;951,3;957,25;940,32
27/08/2019;964,4;963,36;968,02;954,84
28/08/2019;962,66;965,42;968,89;960,18
29/08/2019;963,21;964,4;966,91;959,05
30/08/2019;977,94;968,61;977,94;962,55
02/09/2019;965,45;977,16;977,81;965,3
03/09/2019;956,96;963,27;970,72;950,85
04/09/2019;956,88;961,01;961,25;948,23
05/09/2019;963,81;966,76;967,43;959,32
06/09/2019;968,1;969,16;973,69;966,11
09/09/2019;959,95;971,28;971,34;957,52
10/09/2019;967,2;957,96;967,2;956,88
11/09/2019;978,87;963,4;978,87;961,37
12/09/2019;975,15;985,09;990,01;974,56
13/09/2019;978,07;983,48;984,65;973,47
16/09/2019;962,33;970,74;971,75;955,19
17/09/2019;966,82;957,12;966,82;955,38
18/09/2019;974,7;966,56;975,25;965,71
19/09/2019;969,37;970,71;973,09;967,68
20/09/2019;961,59;969,01;970,83;960,54
23/09/2019;962,35;962,79;965,9;958,83
24/09/2019;949,46;956,84;958,2;947,11
25/09/2019;946,9;944,53;948,09;931,24
26/09/2019;966,67;955,38;967,01;952,07
27/09/2019;961,6;960,83;963,44;956,66
30/09/2019;958,4;960,65;961,71;950,3
01/10/2019;948,68;952,99;957,56;948,68
02/10/2019;927,92;944,71;951,27;927,03
03/10/2019;917,85;921,18;922,61;911,21
04/10/2019;926,49;919,62;930,2;918,97
07/10/2019;921,77;931,46;933,67;920,02
08/10/2019;931,75;926,67;931,75;921,54
09/10/2019;930,06;931,46;932,75;926,9
10/10/2019;929,34;927,6;934,42;926,86
11/10/2019;935,28;931,14;938,76;930,52
14/10/2019;941,19;940,16;946,33;937,01
15/10/2019;943,57;942,81;943,59;934,55
16/10/2019;950,1;947,37;950,1;942,56
17/10/2019;951,46;948,96;955,52;947,51
18/10/2019;964,26;953,51;966,86;951,76
21/10/2019;964,31;967,53;969,93;961,17
22/10/2019;971,24;966,65;971,24;960,35
23/10/2019;980,5;971,7;980,5;964,39
24/10/2019;995,97;983,31;999,24;982,91
25/10/2019;981,32;998,52;999,46;979,6
28/10/2019;981,06;981,81;986,55;979,04
29/10/2019;982,65;983,93;987,6;974,04
30/10/2019;986,57;987,62;987,66;977,52
31/10/2019;984,09;984,72;987,91;975,25
01/11/2019;982,07;985,87;985,87;977,46
04/11/2019;976,49;984,3;989,49;975,91
05/11/2019;999,4;984,39;999,4;978,53
06/11/2019;979,46;1002,31;1002,57;978,04
07/11/2019;966,46;983,03;983,09;956,13
08/11/2019;969,11;968,63;970,78;960,34
11/11/2019;967,76;968,63;970,61;963,14
12/11/2019;966,1;961,89;969,1;960,58
13/11/2019;958,71;965,5;965,86;954,67
14/11/2019;955,49;957,45;959,32;945,92
15/11/2019;966,98;961,26;970,36;957,41
18/11/2019;967,14;965,48;970,52;960,87
19/11/2019;978,22;973,51;978,22;965,64
20/11/2019;981,85;973,62;987,31;970,69
21/11/2019;980,72;978,16;981,42;970,22
22/11/2019;976,11;978,44;981,72;973,31
25/11/2019;965,58;972,12;975,14;964,58
26/11/2019;967,86;970,93;971,94;963,01
27/11/2019;967,33;961,12;971,62;958,89
28/11/2019;952,58;963,71;966,87;952,09
29/11/2019;964,53;951,98;965,72;948,9
02/12/2019;984,61;967,75;984,61;965,06
03/12/2019;981,4;983,04;984,98;976,09
04/12/2019;974,24;979,46;981,54;973,73
05/12/2019;981,1;978,89;983,64;976,53
06/12/2019;984,99;984,19;986,88;978,31
09/12/2019;987,22;985,85;990,02;983,77
10/12/2019;988,34;983,92;989,84;983,52
11/12/2019;990,63;989,47;991,8;987,26
12/12/2019;990,17;992,85;999,64;990,17
13/12/2019;1000,26;998,02;1001,26;995,49
16/12/2019;1003,52;999,75;1008,04;999,58
17/12/2019;1012,51;1007,51;1012,51;1002,38
18/12/2019;1036,59;1014,29;1037,08;1008,51
19/12/2019;1026,98;1030,49;1032,63;1022,36
20/12/2019;1032,86;1030,61;1034,86;1024,7
23/12/2019;1038,86;1042,28;1043,39;1032,72
26/12/2019;1039,9;1038,65;1044,35;1037,39
27/12/2019;1040,19;1038,28;1042,07;1037,86
30/12/2019;1033,43;1040,31;1041,83;1031,84
02/01/2020;1035,33;1034,39;1039,17;1030,72
03/01/2020;1041,62;1039,95;1045,66;1034,33
06/01/2020;1027,16;1030,96;1033,6;1024,27
07/01/2020;1031,55;1032,71;1034,8;1027,47
08/01/2020;1020,75;1024,55;1029,57;1020,75
09/01/2020;1033,41;1027,39;1033,41;1026,41
10/01/2020;1033,16;1036,88;1041,25;1031,87
13/01/2020;1039,79;1035,51;1040,42;1033,57
14/01/2020;1052,76;1043,93;1052,76;1042,28
15/01/2020;1046,2;1052,47;1065,4;1040,89
16/01/2020;1043,15;1042,61;1049,05;1038,93
17/01/2020;1052,83;1046,02;1054,03;1043,49
20/01/2020;1046,56;1062,08;1062,61;1045,46
21/01/2020;1048,06;1053,19;1053,9;1044,46
22/01/2020;1053,55;1051,69;1057,05;1049,95
23/01/2020;1055,02;1057,09;1059,42;1052,24
24/01/2020;1058,39;1054,23;1064,15;1050,74
27/01/2020;1047,5;1059,73;1063,68;1046,27
28/01/2020;1040,4;1040,73;1045,31;1035,01
29/01/2020;1039,35;1042,75;1049,79;1038,05
30/01/2020;1031,42;1047,8;1047,8;1029,19
31/01/2020;1005,95;1035,51;1036,64;1004,15
03/02/2020;1001,67;1001,3;1013,09;993,49
04/02/2020;1017,32;1026,2;1026,2;1012,37
05/02/2020;1030,36;1030,46;1032,31;1020,89
06/02/2020;1032,4;1035,96;1038,42;1025,9
07/02/2020;1033,9;1032,29;1036,3;1030,28
10/02/2020;1030;1030,08;1031,85;1015,47
11/02/2020;1032,75;1032,26;1035,51;1027,75
12/02/2020;1034,24;1035,64;1038,68;1031,23
13/02/2020;1034,95;1039,2;1041,54;1031,92
14/02/2020;1028,26;1029,53;1035,28;1026,97
17/02/2020;1028,97;1025,21;1029,94;1025,14
18/02/2020;1024,45;1026,04;1031,42;1024,45
19/02/2020;1033,16;1026,56;1034,55;1026,06
20/02/2020;1035,89;1037,29;1041,1;1032,96
21/02/2020;1027,9;1034,63;1035,87;1025,84
24/02/2020;1014,35;1022,75;1023,9;1011,88
25/02/2020;1014,64;1013,36;1020,9;1008,91
26/02/2020;1000,4;1010,7;1012,31;1000,4
27/02/2020;960,76;997,09;997,74;952,15
28/02/2020;961,67;930,82;961,67;912,79
02/03/2020;926,71;958,12;959,2;923,98
03/03/2020;956,77;942,56;968,06;939,18
04/03/2020;981,93;959,96;982,95;958,59
05/03/2020;978,62;994,62;996,24;973,4
06/03/2020;944,13;961,42;962,01;943,81
09/03/2020;871,83;916,52;916,52;871,83
10/03/2020;898,15;878,88;912,63;878,88
11/03/2020;889,1;903,23;912,38;877,61
12/03/2020;834,45;858,04;862,82;834,45
13/03/2020;845,52;834,45;857,37;779,16
16/03/2020;805,19;845,52;843,94;797,74
17/03/2020;751,8;805,19;809,33;751,07
18/03/2020;723,58;751,8;771,08;709,6
19/03/2020;674,83;723,58;723,58;673,8
20/03/2020;662,51;674,83;712,56;630,5
23/03/2020;621,06;662,51;662,51;618,42
24/03/2020;607,72;621,06;662,87;607,07
26/03/2020;706,85;607,72;717,57;607,72
27/03/2020;754,13;706,85;801,95;706,85
30/03/2020;727,18;754,13;754,13;704,99
31/03/2020;732,54;727,18;755,72;720,14
01/04/2020;720,18;732,54;753,45;713,16
02/04/2020;718,04;720,18;720,18;700,48
03/04/2020;733,92;718,04;733,92;717,71
06/04/2020;767,75;733,92;767,75;733,92
07/04/2020;764,25;767,75;813,48;747,86
08/04/2020;736,09;764,25;765,35;726,56
09/04/2020;730,72;736,09;747,62;722,23
13/04/2020;721,7;730,72;733,08;715,96
14/04/2020;733,83;721,7;734,14;719,04
15/04/2020;718,91;733,83;746,22;713,12
16/04/2020;688,07;718,91;718,91;682,21
17/04/2020;719,97;688,07;721,43;688,07
20/04/2020;710,56;719,97;728,86;710,15
21/04/2020;692,54;710,56;710,56;691,62
22/04/2020;699,86;692,54;703,44;678,75
23/04/2020;700,53;699,86;711,81;699,86
24/04/2020;669,82;700,53;700,53;669,82
27/04/2020;670,99;669,82;680,8;659,93
28/04/2020;658,66;670,99;673,07;656,46
29/04/2020;654,96;658,66;661,76;652,15
30/04/2020;698,81;654,96;703,17;654,96
04/05/2020;690,2;698,81;698,81;674,04
05/05/2020;691,44;690,2;704,25;688,5
06/05/2020;692,59;691,44;698,18;688,64
08/05/2020;684,9;692,59;698,23;682,81
11/05/2020;691,03;684,9;693,23;684,9
12/05/2020;671,77;691,03;693,49;660,03
13/05/2020;663,65;671,77;671,77;658,72
14/05/2020;640,55;663,65;664,18;637,85
15/05/2020;619,68;640,55;648,19;609,91
18/05/2020;613,86;619,68;623,11;612,49
19/05/2020;626,59;613,86;644,28;613,86
20/05/2020;643,82;626,59;647,06;626
26/05/2020;660,43;643,82;663,9;643,64
27/05/2020;667,78;660,43;667,78;652,77
28/05/2020;700,11;667,78;704,93;667,71
29/05/2020;712,64;700,11;714,87;695,08
02/06/2020;743,24;712,64;759,79;712,64
03/06/2020;772,03;743,24;777,1;741,63
04/06/2020;768,38;772,03;793,35;757,54
05/06/2020;772,37;768,38;775,63;746,79
08/06/2020;812,85;772,37;819,58;772,37
09/06/2020;802,1;812,85;828,49;799,39
10/06/2020;776,72;802,1;802,1;763,91
11/06/2020;757,3;776,72;782,64;745,62
12/06/2020;767,14;757,3;768,23;726,07
15/06/2020;740,92;767,14;770,57;740,42
16/06/2020;783,35;740,92;785,34;740,92
17/06/2020;776,61;783,35;791,83;775,32
18/06/2020;763,76;776,61;776,61;763,38
19/06/2020;766,71;763,76;773,28;763,68
22/06/2020;760,03;766,71;772,05;757,62
23/06/2020;760,1;760,03;764,62;753,72
24/06/2020;784,42;760,1;788,83;760,1
25/06/2020;776,23;784,42;784,42;771,11
26/06/2020;769,13;776,23;786,07;768,95
29/06/2020;770,77;769,13;771,37;760,69
30/06/2020;772,61;770,77;781,42;770,77
01/07/2020;781,13;772,61;781,13;772,55
02/07/2020;785,52;781,13;786,61;778,48
03/07/2020;785,3;785,52;790,58;783,37
06/07/2020;791,24;785,3;792,84;785,3
07/07/2020;793,07;791,24;798,58;791,24
08/07/2020;823,95;793,07;829,84;793,11
09/07/2020;813,05;823,95;830,9;809,39
10/07/2020;815,69;813,05;822,04;807,57
13/07/2020;820,65;815,69;825,3;812,14
14/07/2020;823,13;820,65;829,15;816,11
15/07/2020;817,13;823,13;831,02;816,76
16/07/2020;819,02;817,13;822,94;817,05
17/07/2020;810,22;819,02;820,39;807,34
20/07/2020;804,63;810,22;814,96;798,28
21/07/2020;822,27;804,63;827,18;802,4
22/07/2020;821,34;822,27;828,61;818,57
23/07/2020;831,59;821,34;835,61;820,91
24/07/2020;817,53;831,59;831,52;817,53
27/07/2020;828,36;817,53;828,36;814,08
28/07/2020;832,91;828,36;838,31;825,92
29/07/2020;825,37;832,91;832,97;822,45
30/07/2020;836,89;825,37;836,89;819,37
03/08/2020;813,25;836,89;838,51;797,34
04/08/2020;826,4;813,25;826,4;814,47
05/08/2020;828,83;826,4;829,15;817,33
06/08/2020;836,7;828,83;841,03;828,83
07/08/2020;831,95;836,7;838,24;823,99
10/08/2020;830,59;831,95;834,42;824,65
11/08/2020;843,66;830,59;848,54;830,61
12/08/2020;867,18;843,66;870,84;842,81
13/08/2020;865,73;867,18;879,78;861,41
14/08/2020;870,52;865,73;870,94;858,36
18/08/2020;882,9;870,52;890,38;867,85
19/08/2020;882,22;882,9;897,48;880,51
24/08/2020;884,5;882,22;887,61;875,32
25/08/2020;904,74;884,5;905,08;884,95
26/08/2020;904,62;904,74;908,11;897,66
27/08/2020;917,16;904,62;917,16;901,76
28/08/2020;908,96;917,16;919,53;901,16
31/08/2020;875,72;908,96;914,99;875,72
01/09/2020;900,34;875,72;900,34;869,04
02/09/2020;897,86;900,34;904,89;891,84
03/09/2020;895,27;897,86;905,14;881,53
04/09/2020;883,61;895,27;897,05;870,55
07/09/2020;872,52;881,09;883,65;867,64
08/09/2020;880,42;874,09;882,98;874,09
09/09/2020;859,83;873,22;873,51;855,19
10/09/2020;802,25;843,29;843,38;802,25
11/09/2020;818,95;781,98;826,81;771,72
14/09/2020;849,56;828,78;851,56;828,78
15/09/2020;827,95;849,01;852,64;827,23
16/09/2020;816,12;832,45;833,99;815,4
17/09/2020;809,01;815,54;826,87;801,85
18/09/2020;803,62;805,75;813,27;796,03
21/09/2020;795,29;803,1;810,31;791,18
22/09/2020;776,88;780,71;790,82;775,53
23/09/2020;773,6;779,78;789,41;764,7
24/09/2020;760,32;762,19;773,77;756,41
25/09/2020;787,38;767,16;787,57;762,11
28/09/2020;772,08;792,61;799,1;771,2
29/09/2020;767,13;779,25;786,48;761,01
30/09/2020;757,48;772,98;774,13;753,73
01/10/2020;781,96;765,79;781,96;763,81
02/10/2020;772,69;782,19;784,38;761,48
05/10/2020;782,94;778,23;784,86;770,57
06/10/2020;799,2;797,22;804,05;793,14
07/10/2020;801,29;788,7;802,35;786,16
08/10/2020;806,86;805,66;808,05;799,41
09/10/2020;814,67;805,31;814,67;803,06
12/10/2020;831,2;820,31;832,53;820,17
13/10/2020;847,91;830,5;848,72;827,09
14/10/2020;856,59;849,4;856,59;844,15
15/10/2020;838,35;853,46;854,52;838,15
16/10/2020;830,95;840,72;841,66;826,1
19/10/2020;842,26;831,94;842,26;826,63
20/10/2020;836,82;841,46;847,33;831,67
21/10/2020;830,63;842,81;845,3;826,84
22/10/2020;832,7;826,15;834,09;820,08
23/10/2020;831,65;839,91;839,91;830,08
26/10/2020;842,76;831,39;847,56;831,39
27/10/2020;840,54;841,41;847,26;836,22
02/11/2020;847,35;836,01;847,48;828,32
03/11/2020;852,79;849,71;853,35;846,79
04/11/2020;834,43;854,94;858,19;834,43
05/11/2020;877,01;849,52;877,96;848,5
06/11/2020;894,44;879,31;896,18;869,37
09/11/2020;904,87;907,53;913,07;891,23
10/11/2020;948,07;925,87;949,28;924,15
11/11/2020;960,51;951,57;967,77;949,33
12/11/2020;936,16;952,09;952,83;933,79
13/11/2020;942,41;935,18;944,96;929,84
16/11/2020;944,67;953,6;956,52;935,83
17/11/2020;951,49;950,82;959,01;947,67
18/11/2020;959,55;950,4;959,84;949,78
19/11/2020;962,88;951,87;968,59;949,9
20/11/2020;959,32;962,79;967,83;953,94
23/11/2020;969,32;958,71;970,68;958,25
24/11/2020;978,2;973,74;980,98;967,6
25/11/2020;979,67;988,82;998,03;977,46
26/11/2020;989,9;971,61;989,9;971,56
27/11/2020;983,47;993,54;996,01;982,39
30/11/2020;946,8;979,92;983,16;935,23
01/12/2020;976,21;951,17;979,26;947,2
02/12/2020;988,48;985,56;988,85;975,83
03/12/2020;993,5;994,95;997,03;988,7
04/12/2020;984,26;991,53;992,23;978,2
07/12/2020;1007,11;997,22;1008,22;996,26
08/12/2020;1005,13;1006,53;1007,96;995,25
10/12/2020;1009,05;1016,67;1017,28;1006,8
11/12/2020;1014,93;1016,57;1026,49;1011,88
14/12/2020;1020,54;1019,06;1022,92;1016,88
15/12/2020;1018,25;1020,11;1025,32;1002,77
16/12/2020;1033,09;1029,1;1036;1026,48
17/12/2020;1035,73;1036,8;1041,11;1025,89
18/12/2020;1019,6;1029,85;1032,13;1017,48
21/12/2020;1016,27;1030,18;1031,55;1015,28
22/12/2020;990,99;1009,01;1017,06;990
23/12/2020;992,57;1006,24;1008,78;964,69
28/12/2020;1008,4;1007,04;1010,71;987,43
29/12/2020;998,07;1009,41;1011,53;995,49
30/12/2020;993,4;1003,15;1003,85;988,92
04/01/2021;1013,61;995,53;1015,41;986,7
05/01/2021;1026,98;1015,79;1026,98;1008,58
06/01/2021;1012,06;1025,33;1029,31;1000,49
07/01/2021;1022,48;1020,68;1025,56;1015,19
08/01/2021;1042,24;1030,18;1045,15;1025,23
11/01/2021;1090,72;1051,04;1091,28;1049,9
12/01/2021;1093,17;1094,55;1107,91;1089,21
13/01/2021;1095,27;1104,27;1112,25;1092,69
14/01/2021;1086,82;1095,73;1099,63;1082,76
15/01/2021;1063,78;1092,12;1094,93;1054,55
18/01/2021;1075,9;1060,61;1077,89;1050,7
19/01/2021;1071,04;1082,71;1083,66;1062,21
20/01/2021;1097,88;1079,1;1101,36;1074,55
21/01/2021;1084,54;1112,26;1115,37;1084,21
22/01/2021;1076,36;1089,3;1093,93;1072,08
25/01/2021;1078,54;1089,33;1089,93;1059,49
26/01/2021;1055,23;1073,56;1076,57;1054,37
27/01/2021;1047,79;1055,83;1066,2;1033,96
28/01/2021;1035,64;1040,05;1055,65;1025,74
29/01/2021;995,47;1043,47;1056,76;993,6
01/02/2021;1019,73;997,33;1025,85;959,22
02/02/2021;1011,19;1037,31;1037,89;1010,97
03/02/2021;1019,56;1035,7;1035,75;1019,56
04/02/2021;1030,45;1032,07;1046,75;1022,26
05/02/2021;1033,21;1038,26;1039,24;1023,93
08/02/2021;1035,43;1046,81;1048,68;1032,69
09/02/2021;1045,44;1043,32;1062,56;1041,44
10/02/2021;1044,38;1052,25;1056,5;1039,69
11/02/2021;1044,58;1053,27;1053,9;1039,92
15/02/2021;1044,53;1045,15;1052,05;1041,18
16/02/2021;1051,38;1051,75;1052,59;1042,77
17/02/2021;1042,62;1050,4;1054,72;1038,46
18/02/2021;1039,05;1041,14;1057,11;1037,7
19/02/2021;1050,99;1037,24;1050,99;1034,52
22/02/2021;1046,64;1061,46;1066;1046,17
23/02/2021;1048,43;1048,08;1053,43;1042,18
24/02/2021;1043,56;1049,34;1051,71;1042,13
25/02/2021;1041,31;1048,99;1052,99;1038,44
26/02/2021;1035,98;1037,08;1051,76;1032,85
01/03/2021;1078,32;1051,43;1078,32;1047,48
02/03/2021;1071,96;1088,08;1090,11;1070,28
03/03/2021;1074,63;1076,96;1078,92;1066,88
04/03/2021;1048,13;1069,21;1073,36;1048,13
05/03/2021;1051,36;1045,33;1058,63;1042,61
08/03/2021;1041,89;1065,28;1065,95;1041,58
09/03/2021;1022,95;1041,61;1042,88;1020,65
10/03/2021;1035,31;1036,96;1037,52;1026,34
12/03/2021;1043,36;1051,9;1052,38;1034,9
15/03/2021;1036,06;1048,17;1049,73;1036,06
16/03/2021;1039,63;1044,55;1046,3;1036,87
17/03/2021;1031,65;1039,68;1040,93;1027,52
18/03/2021;1051,84;1038,12;1053,96;1037,26
19/03/2021;1046,79;1055,06;1055,06;1038,32
22/03/2021;1031,41;1040,78;1043,05;1030,72
23/03/2021;1030,14;1046,52;1046,52;1027,92
24/03/2021;1013,17;1026,37;1027,97;1011,92
25/03/2021;1002,8;1013,61;1015,83;997,99
26/03/2021;1015,62;1005,53;1017,54;998,97
29/03/2021;1009,98;1018,56;1025,47;1009,98
30/03/2021;994,5;1009,66;1013,86;991,25
31/03/2021;970,29;989,38;991,69;954,82
01/04/2021;966,99;969,68;975,61;956,85
05/04/2021;955,79;973,78;975,15;955,47
06/04/2021;958,13;953,13;961,83;946,26
07/04/2021;963,37;960,61;964,95;952,2
08/04/2021;965,45;961,39;968,66;958,08
09/04/2021;976,03;981,58;984,64;972,99
12/04/2021;952,91;983,6;983,68;951,74
13/04/2021;945,19;949,51;953,98;938,42
14/04/2021;979,19;960,76;980,41;954,17
15/04/2021;981,16;983,96;983,96;965,15
16/04/2021;976,04;991,11;991,88;971,34
19/04/2021;975,22;975,63;977,08;967,65
20/04/2021;968,38;964,57;968,98;959,29
21/04/2021;955,19;960,11;965,11;955,19
22/04/2021;956,09;959,01;962,31;953,97
23/04/2021;970,97;958,39;972,9;953,75
26/04/2021;952,24;970,37;971,34;952,24
27/04/2021;964,7;962,11;969,44;958,98
28/04/2021;959,18;965,69;971,19;959,18
29/04/2021;966,68;972,82;972,86;961,73
30/04/2021;956,62;968,49;969,91;955,06
03/05/2021;950,12;960,18;961,77;947,26
04/05/2021;955,06;948,23;956,54;944,26
05/05/2021;957,25;960,89;961,64;956,07
06/05/2021;959,42;960,77;963,19;953,66
07/05/2021;950,41;965,17;965,21;948,27
10/05/2021;952,2;952,31;955,54;949,69
11/05/2021;949,66;950,36;950,55;937,94
17/05/2021;944,27;951,36;951,8;937,15
18/05/2021;934,54;942,98;945,93;930,85
19/05/2021;921,26;927,88;931,02;918,79
20/05/2021;923,58;921,05;933,49;918,45
21/05/2021;927,08;932,76;934,68;917,63
24/05/2021;932,12;933,46;939,66;925,13
25/05/2021;939,44;933,15;951,39;932,97
27/05/2021;923,63;952,66;957,83;923,63
28/05/2021;936,78;936,03;946,43;934,92
31/05/2021;958,91;943,99;963,23;940,94
02/06/2021;969;977,14;979,86;966
03/06/2021;988,99;973,54;988,99;964,02
04/06/2021;982,03;991,03;992,06;975,26
07/06/2021;971,67;982,75;983,76;963,68
08/06/2021;957,86;977,34;977,34;957,14
09/06/2021;971,03;949,44;974,86;949,44
10/06/2021;984,41;977,44;984,72;972,27
11/06/2021;974,98;986,19;986,69;973,89
14/06/2021;973,88;981,86;981,87;968,79
15/06/2021;970,07;976,67;977,04;964,01
16/06/2021;947,47;961,7;963,27;945,59
17/06/2021;942,33;945,18;946,93;932,67
18/06/2021;931,25;941,58;942,88;922,91
21/06/2021;923,49;924,86;929,29;916,34
22/06/2021;938,96;925,16;946,2;921,84
23/06/2021;920;938,34;941,19;920
24/06/2021;920,41;930,78;930,78;919,75
25/06/2021;917,3;924,78;926,18;917,3
28/06/2021;897,16;909,14;914,07;897,16
29/06/2021;896,79;896,06;902,18;895
30/06/2021;901,73;895,94;907,57;894,89
01/07/2021;904,11;905,12;909,29;899,85
02/07/2021;912,11;910,71;918,65;907,57
05/07/2021;903,77;908,82;910,65;900,41
06/07/2021;897,2;908,2;908,2;896,79
07/07/2021;894,37;907,1;907,1;890,97
08/07/2021;898,04;897,34;901,66;890,96
09/07/2021;889,28;897,06;897,4;887,07
12/07/2021;897,55;894,93;900,19;890,1
13/07/2021;889,94;901,45;902,12;887,66
14/07/2021;877,98;888,53;891,1;876,56
15/07/2021;897,46;881,72;899,68;879,87
16/07/2021;900,11;903,64;903,95;895,05
19/07/2021;886,18;898,92;899,51;886,18
21/07/2021;894,61;895,23;905,17;893,21
22/07/2021;915,46;906,77;916,83;902,49
23/07/2021;903,18;918,35;921,26;900,62
26/07/2021;893,46;905,73;907,25;893,46
27/07/2021;891,26;896,7;899,36;887,94
28/07/2021;886,61;889,52;893,33;883,67
29/07/2021;889,39;893,19;894,84;883,26
30/07/2021;878,08;894,7;897,72;878,08
02/08/2021;878,84;888,65;889,67;871,13
03/08/2021;892,37;882,75;895,91;878,51
04/08/2021;903,86;896,73;906,45;889,82
05/08/2021;937,72;911,12;939,65;910,15
06/08/2021;919,31;941,73;943,72;916,75
09/08/2021;904,39;919,62;921,49;898,59
10/08/2021;904,16;909,84;911,11;892,85
12/08/2021;908,22;899,72;910,04;897,98
13/08/2021;919,17;913,26;921,72;911,69
16/08/2021;920,73;920,19;921,88;907,8
18/08/2021;945,1;930,75;948,49;922,86
19/08/2021;921,54;941,35;942,5;913,04
20/08/2021;929,12;922,78;931,01;910,9
23/08/2021;933,84;928,54;934,82;927,33
24/08/2021;924,89;931,57;934,01;915,19
25/08/2021;927,57;923,47;929,96;922,95
26/08/2021;920,96;923,26;926,26;913,64
27/08/2021;915,17;919,24;922,95;913,75
30/08/2021;931,52;919,02;931,52;917,89
31/08/2021;935,31;930,52;935,31;924,51
01/09/2021;930,52;935,4;936,59;928,92
02/09/2021;928,5;928,24;933,42;921,69
03/09/2021;939,54;929,73;939,54;921,98
06/09/2021;935,07;942,84;946,95;932,4
07/09/2021;939,64;940,36;944,5;937,83
08/09/2021;923,93;940,68;946,49;919,09
09/09/2021;932,43;921,32;932,43;914,09
10/09/2021;932,54;925,5;935,34;921,74
13/09/2021;927,22;926,01;931,91;920,69
14/09/2021;925,76;930,54;932,22;921,05
15/09/2021;919,79;924,68;925,23;916,31
16/09/2021;919,69;924,27;924,78;917,74
17/09/2021;916,32;917,58;920,03;911,24
20/09/2021;913,54;916,02;916,02;902,79
21/09/2021;905,18;903,11;907,78;895,8
22/09/2021;915,36;901,7;917,7;900,68
23/09/2021;929,86;916,15;930,76;914,32
24/09/2021;930,63;927,65;936,41;926,86
27/09/2021;921,85;927,32;928,98;919,84
28/09/2021;917,09;922,73;923,43;915,26
29/09/2021;924;916,82;924,57;913,89
30/09/2021;959,17;927,77;959,17;926,93
01/10/2021;951,43;955,13;957,7;945,78
04/10/2021;985,01;953,19;985,01;951,64
05/10/2021;978,86;980,44;985,52;972,84
06/10/2021;1016,02;981,9;1023,07;981,9
07/10/2021;1018,32;1019,65;1027,21;1013,45
08/10/2021;1035,51;1026,8;1042,22;1024,66
11/10/2021;1036,6;1033,59;1040,09;1027,69
12/10/2021;1045,05;1039,07;1047,94;1037,91
13/10/2021;1066,4;1052,49;1087,65;1050,19
14/10/2021;1080,94;1070,24;1091,85;1069,41
15/10/2021;1079,8;1084;1091,32;1066,29
18/10/2021;1090,33;1085,26;1097,03;1077,76
19/10/2021;1089,95;1094,68;1096,64;1075,41
21/10/2021;1081,3;1094,48;1100,7;1076,56
22/10/2021;1092,5;1079,41;1094,68;1076,63
25/10/2021;1080,28;1082,1;1092,92;1080,28
26/10/2021;1084,15;1081,01;1089,29;1079,32
27/10/2021;1071,82;1084,85;1085,93;1067,86
28/10/2021;1059,13;1060,71;1069,88;1054,61
29/10/2021;1069,2;1073,05;1075,29;1060,48
01/11/2021;1061,98;1080,75;1080,75;1060,7
02/11/2021;1048,63;1063,85;1065,89;1045
03/11/2021;1064,15;1049,98;1071,09;1046,28
04/11/2021;1063,41;1074,8;1079,38;1063,41
05/11/2021;1062,68;1071,23;1071,23;1053,04
08/11/2021;1066,57;1069,34;1073,13;1060,63
09/11/2021;1067,96;1069,24;1072,97;1062,51
10/11/2021;1075,95;1065,8;1076,31;1061,67
11/11/2021;1078,27;1078,96;1083,88;1072,91
12/11/2021;1063,88;1084,36;1085,01;1061,8
15/11/2021;1055,07;1067,15;1070,43;1054,98
16/11/2021;1059,2;1048,3;1060,85;1045,35
17/11/2021;1069,29;1064,06;1069,29;1058,53
18/11/2021;1058,27;1059,09;1065,04;1055,06
19/11/2021;1070,54;1062,43;1072,69;1059,34
22/11/2021;1079,08;1076,01;1083,83;1069,63
23/11/2021;1063,81;1072,02;1075,87;1061,32
24/11/2021;1064,2;1067,23;1068,6;1060,64
25/11/2021;1070,68;1063,62;1079,69;1062,33
26/11/2021;1045,85;1066,07;1068,22;1044,04
29/11/2021;1052,61;1045,06;1057,43;1026,28
30/11/2021;1032,88;1051,36;1058,09;1032,88
01/12/2021;1030,06;1032,91;1049,32;1027,62
02/12/2021;1052,17;1031,55;1054,69;1025,53
03/12/2021;1044,46;1054,27;1056,75;1044,11
06/12/2021;1043,28;1049,58;1056,32;1043,24
07/12/2021;1058,63;1053,71;1062,22;1050,71
08/12/2021;1053,44;1063,31;1065,14;1050,95
09/12/2021;1055,26;1057,16;1057,84;1047,21
10/12/2021;1046,84;1044,69;1049,07;1040,41
13/12/2021;1044,63;1050,9;1055,08;1044,63
14/12/2021;1043,8;1043,92;1047,72;1039,95
15/12/2021;1051,94;1044,07;1059,81;1041,55
16/12/2021;1042,76;1057,91;1059,83;1040,94
17/12/2021;1045,84;1040,34;1046,62;1037,45
20/12/2021;1037;1035,42;1041,61;1033,61
21/12/2021;1037,13;1036,08;1044,97;1034,07
22/12/2021;1027,42;1041,99;1043,79;1027,42
23/12/2021;1030,88;1030,27;1036,5;1027,11
24/12/2021;1029,31;1031,7;1035,76;1025,27
27/12/2021;1031,15;1029,31;1035,62;1027,56
28/12/2021;1033,47;1035,91;1038,86;1030,7
29/12/2021;1032,64;1034,29;1037,72;1028,7
30/12/2021;1031,02;1034,6;1037,02;1027,68
03/01/2022;1037,53;1034,42;1043,62;1029,73
04/01/2022;1052,22;1041,67;1054,39;1039,93
05/01/2022;1049,19;1053,74;1059,53;1038,17
06/01/2022;1044,98;1053,33;1055,41;1037,22
07/01/2022;1056,81;1049,18;1059,53;1045,46
10/01/2022;1053,75;1055,43;1061,4;1051,45
11/01/2022;1061,83;1056,44;1064,81;1053,09
12/01/2022;1064,27;1063,64;1071,74;1056,59
13/01/2022;1064,24;1065,53;1068,47;1060,67
14/01/2022;1071,44;1062,86;1075,16;1057,3
17/01/2022;1071,78;1076,75;1076,75;1065,26
18/01/2022;1065,43;1073,27;1076,71;1048,89
19/01/2022;1055,67;1062,13;1065,41;1053,26
20/01/2022;1070,01;1059,09;1070,01;1052,84
21/01/2022;1080,16;1069,3;1080,16;1062,92
24/01/2022;1068,98;1072,97;1074,89;1065,76
25/01/2022;1053,64;1062,03;1065,29;1042,18
26/01/2022;1068,89;1053,76;1069,69;1051,19
27/01/2022;1075,78;1064,81;1081,48;1063,02
28/01/2022;1089,89;1079,65;1089,89;1077,21
31/01/2022;1072,89;1094,89;1095,15;1072,89
02/02/2022;1081,6;1081,25;1083,89;1075,51
03/02/2022;1077,85;1085,84;1086,57;1073,91
04/02/2022;1085,15;1079,14;1087,92;1077,7
07/02/2022;1101,63;1093,26;1103,07;1088,35
08/02/2022;1111,19;1107,52;1124,24;1105,22
09/02/2022;1123,11;1115,9;1128,26;1107,34
10/02/2022;1124,4;1128,69;1131,46;1120,01
11/02/2022;1123,96;1120,5;1125,62;1112,78
14/02/2022;1116,94;1120,41;1121,31;1108,26
15/02/2022;1134,41;1121,29;1134,41;1114,1
16/02/2022;1137,01;1137,34;1138,52;1130,89
17/02/2022;1131,66;1132,71;1136,18;1117,87
18/02/2022;1137,13;1132,33;1139,75;1123,25
21/02/2022;1141,02;1136,51;1143,71;1135,19
22/02/2022;1130,1;1133,33;1135,43;1124,83
23/02/2022;1143,08;1136,84;1144,69;1134,95
24/02/2022;1125,86;1139,59;1147,91;1117,57
25/02/2022;1146,46;1128,23;1151,73;1126,14
01/03/2022;1152,52;1165,35;1174,39;1151,61
02/03/2022;1140,34;1157,82;1161,36;1137,58
04/03/2022;1147,99;1152,77;1155,35;1140,32
07/03/2022;1125,67;1134,62;1140,97;1125,67
08/03/2022;1117,51;1125,96;1138,62;1117,51
09/03/2022;1134,67;1123,27;1141,68;1121,6
10/03/2022;1156,32;1145,13;1158,91;1132,6
11/03/2022;1148,59;1145,78;1149,27;1136,6
14/03/2022;1161,43;1154,05;1166,64;1141,03
15/03/2022;1167,43;1166,83;1176,76;1163,7
16/03/2022;1182,85;1174,23;1185,92;1173,27
17/03/2022;1172,41;1192,32;1193,61;1172,15
18/03/2022;1167,84;1176,39;1180,1;1164,27
21/03/2022;1153,82;1159,42;1167,04;1150,07
22/03/2022;1157,8;1160,34;1165,3;1154,91
23/03/2022;1159,57;1159,19;1161,37;1151,54
24/03/2022;1169,77;1153,34;1169,77;1147,6
25/03/2022;1164,56;1171,48;1173,58;1156,1
28/03/2022;1179,98;1165,18;1180,64;1159,34
29/03/2022;1171,32;1183,44;1186,82;1170,23
30/03/2022;1172,8;1178,04;1182,91;1167,1
31/03/2022;1167,71;1175,86;1181,01;1163,49
01/04/2022;1167,52;1172,14;1172,41;1155,42
04/04/2022;1168,61;1166,05;1171,48;1157,95
05/04/2022;1167,11;1169,43;1174,41;1160,88
06/04/2022;1143,97;1160,81;1162,68;1143,97
07/04/2022;1149,1;1146,7;1154,15;1144,1
08/04/2022;1153,9;1154,3;1156,52;1148,88
11/04/2022;1143,98;1154,74;1156,66;1143,36
12/04/2022;1149,92;1142,99;1151,08;1139,21
13/04/2022;1151,12;1153,43;1155,89;1147,77
14/04/2022;1143,44;1150,94;1153,16;1141,36
18/04/2022;1144,76;1143,93;1146,81;1138,88
19/04/2022;1139,27;1144,22;1146,02;1138,65
20/04/2022;1181,47;1149,34;1184,94;1145,43
21/04/2022;1215,38;1191,18;1218,84;1187,15
22/04/2022;1206,92;1205,83;1217,54;1198,5
25/04/2022;1218,07;1201,22;1230,94;1190,9
26/04/2022;1233,37;1216,67;1237,4;1216,18
27/04/2022;1225,34;1227,71;1236,01;1224,05
28/04/2022;1242,19;1244,28;1255,87;1236,58
09/05/2022;1171,43;1212,66;1215,21;1168,22
10/05/2022;1161,04;1119,29;1161,04;1119,29
11/05/2022;1156,83;1163,49;1181,18;1155,56
12/05/2022;1114,47;1152,94;1153,19;1109,55
13/05/2022;1112,06;1110,59;1120,87;1099,06
17/05/2022;1129,78;1114,34;1144,08;1113,75
18/05/2022;1149,4;1141,98;1152,17;1135,06
19/05/2022;1140,78;1130,33;1146,12;1123,25
20/05/2022;1143,29;1142,36;1152,67;1141,76
23/05/2022;1134,35;1145,41;1152,8;1128,51
24/05/2022;1147,41;1139,67;1157,5;1138,31
25/05/2022;1135,77;1143,97;1154,05;1133,44
27/05/2022;1168,18;1154,28;1169,35;1152,35
30/05/2022;1168,96;1171,36;1173,33;1150,86
31/05/2022;1193,9;1175,97;1193,9;1171,64
02/06/2022;1167,55;1177,21;1187,16;1161,04
03/06/2022;1171,94;1175,82;1185,63;1170,28
06/06/2022;1159,07;1166,6;1172,96;1149,86
07/06/2022;1159,67;1163,22;1168,3;1155,66
08/06/2022;1175,14;1162,53;1175,14;1156,95
09/06/2022;1165,33;1169,52;1179,31;1165,33
10/06/2022;1139,65;1151,42;1153,63;1134,65
13/06/2022;1129,32;1118,85;1129,6;1112,42
14/06/2022;1134,38;1123,53;1140,05;1121,37
15/06/2022;1136,44;1129,3;1138,42;1123,86
16/06/2022;1142,78;1146,69;1160,54;1139,22
17/06/2022;1126,43;1125,78;1133,58;1118,52
20/06/2022;1135,05;1127,17;1137,09;1121,01
21/06/2022;1145,17;1136,52;1146,7;1133,35
22/06/2022;1123,77;1143,69;1146,03;1123,53
23/06/2022;1122,83;1123,77;1129,88;1115,86
24/06/2022;1126,48;1124,3;1131,19;1121,39
27/06/2022;1116,8;1129,43;1131,33;1110,73
28/06/2022;1112,11;1114,59;1118,23;1105,66
29/06/2022;1097,56;1111,37;1114,7;1097,56
30/06/2022;1087,53;1099,04;1106,45;1087,53
01/07/2022;1071,53;1086,05;1093,14;1071,49
04/07/2022;1043,69;1070,8;1070,88;1029,79
05/07/2022;1062,7;1045,16;1077,14;1045,16
06/07/2022;1056,77;1062,7;1062,7;1044,04
07/07/2022;1046,55;1056,04;1060,88;1046,55
08/07/2022;1059,1;1050,24;1061,25;1046,69
11/07/2022;1051,17;1059,1;1060,87;1051,17
12/07/2022;1055,09;1051,17;1060,74;1046,65
13/07/2022;1034,47;1054,35;1057,13;1034,47
14/07/2022;1032,74;1033,73;1042,42;1028,74
15/07/2022;1035,74;1033,48;1045,39;1029,82
18/07/2022;1048,54;1037,21;1048,54;1036,92
19/07/2022;1055,13;1048,54;1061,13;1038,87
20/07/2022;1097,94;1058,82;1097,94;1058,82
21/07/2022;1102,65;1100,89;1104,41;1081,51
22/07/2022;1097,14;1103,39;1105,52;1095,08
25/07/2022;1090,07;1097,88;1100,2;1090,07
26/07/2022;1101,28;1091,55;1106,74;1091,07
27/07/2022;1104,5;1102,76;1110,23;1096,59
28/07/2022;1109,45;1102,29;1117,42;1102,29
29/07/2022;1119;1114,62;1129,73;1114,62
01/08/2022;1121,79;1119;1131,3;1116,92
02/08/2022;1131,85;1121,79;1131,85;1116,18
03/08/2022;1142,53;1131,4;1142,53;1130,04
04/08/2022;1143,34;1142,62;1148,05;1135,26
05/08/2022;1152,93;1143,39;1155,22;1137,11
08/08/2022;1153,32;1152,93;1156,48;1144,9
09/08/2022;1163,84;1153,32;1172,89;1153,32
10/08/2022;1163,58;1163,89;1163,89;1142,58
11/08/2022;1167,16;1163,67;1174,78;1160,74
12/08/2022;1156,62;1167,2;1167,27;1152,85
15/08/2022;1150,18;1156,62;1162,52;1148,26
16/08/2022;1147,53;1150,22;1157,34;1142,53
18/08/2022;1151,4;1147,53;1159,13;1146,35
19/08/2022;1141,81;1151,44;1156,34;1141,81
22/08/2022;1135,56;1141,81;1141,81;1123,65
23/08/2022;1138,31;1135,56;1143,16;1131,6
24/08/2022;1138,23;1138,35;1145,66;1134,76
25/08/2022;1138,1;1138,28;1142,87;1130,85
26/08/2022;1134,19;1138,23;1144,19;1133,75
29/08/2022;1127,77;1133,87;1133,87;1113,1
30/08/2022;1135,4;1127,77;1144,63;1126,31
31/08/2022;1151,02;1135,44;1151,02;1123,98
01/09/2022;1152,95;1151,02;1156,36;1143,8
02/09/2022;1159,98;1153,04;1164,13;1151,76
05/09/2022;1172,16;1159,98;1174,82;1151,51
06/09/2022;1164,64;1172,21;1180,16;1163,98
07/09/2022;1154,91;1164,64;1164,64;1150,6
08/09/2022;1170,13;1154,96;1178,24;1154,96
09/09/2022;1172,54;1170,13;1181,39;1165,14
12/09/2022;1170,05;1172,54;1179,62;1165,94
13/09/2022;1193,06;1170,05;1199,39;1170,05
14/09/2022;1183,47;1193,02;1193,02;1171,38
15/09/2022;1200,51;1183,51;1214,09;1183,51
16/09/2022;1167,49;1200,55;1200,55;1166,66
19/09/2022;1180,67;1167,49;1187,91;1167,49
20/09/2022;1169,53;1180,76;1186,99;1169,53
21/09/2022;1172,67;1169,58;1172,67;1160,64
22/09/2022;1170,8;1172,67;1173,57;1161,85
23/09/2022;1163,56;1170,89;1173,78;1162,98
26/09/2022;1167,25;1163,61;1170,72;1142,13
27/09/2022;1162,64;1167,2;1168,47;1155,14
28/09/2022;1161,15;1162,55;1177,6;1157,4
29/09/2022;1151,55;1161,2;1169,36;1149,53
30/09/2022;1158,75;1151,46;1162,06;1136,18
03/10/2022;1151,5;1158,75;1161,53;1149,69
04/10/2022;1159,78;1151,6;1170,89;1151,6
05/10/2022;1156,08;1159,78;1171,88;1156,08
06/10/2022;1158,94;1156,08;1162,67;1152,74
07/10/2022;1146,68;1158,94;1159,02;1142,54
10/10/2022;1138,17;1146,68;1146,68;1131,1
11/10/2022;1131,64;1138,17;1142,38;1127,9
12/10/2022;1128,67;1131,64;1139,67;1124,26
13/10/2022;1122,52;1128,62;1134,81;1122,52
14/10/2022;1101,76;1122,57;1132,96;1101,76
17/10/2022;1101,7;1101,76;1106,18;1089,68
18/10/2022;1113,88;1101,74;1114,88;1099,7
19/10/2022;1129,36;1113,88;1137,1;1107,75
20/10/2022;1157,8;1129,36;1160,34;1122,56
21/10/2022;1177,95;1157,95;1188,4;1156,71
24/10/2022;1200,38;1178,1;1207,07;1177,46
25/10/2022;1200,7;1200,43;1219,3;1200,43
26/10/2022;1179,25;1200,7;1203,8;1174,85
27/10/2022;1190,31;1179,3;1192,45;1177,32
28/10/2022;1187,32;1190,51;1190,93;1175,72
31/10/2022;1203,76;1187,37;1206,71;1187,37
01/11/2022;1194,56;1203,81;1212,92;1183,34
02/11/2022;1180,08;1194,6;1196,71;1172,57
03/11/2022;1188,03;1180,13;1189,64;1173,61
04/11/2022;1182,68;1188,03;1188,03;1171,87
07/11/2022;1195,89;1182,73;1195,89;1172,6
08/11/2022;1183,44;1195,94;1198,57;1179,32
09/11/2022;1188,53;1183,44;1188,53;1178,59
10/11/2022;1172,75;1188,53;1188,53;1169,73
11/11/2022;1205,82;1172,8;1209,19;1172,8
14/11/2022;1188,61;1205,87;1211,78;1188,61
15/11/2022;1192,27;1188,57;1196,09;1183,89
16/11/2022;1180,44;1192,27;1192,27;1169,99
17/11/2022;1191;1180,44;1196,57;1174,71
18/11/2022;1197,07;1190,95;1202,11;1187,62
21/11/2022;1184,69;1197,27;1202,86;1182,94
22/11/2022;1187,06;1184,69;1196,94;1182,39
23/11/2022;1192,41;1187,06;1199,34;1187,06
24/11/2022;1197,99;1192,45;1202,52;1192,45
25/11/2022;1194,22;1198,14;1198,58;1187,39
28/11/2022;1192,49;1194,17;1204,57;1192,25
29/11/2022;1197,86;1192,44;1202,85;1191,45
30/11/2022;1231,39;1197,86;1231,39;1193,27
01/12/2022;1210,05;1231,39;1238,16;1209,01
02/12/2022;1204,01;1210,05;1210,05;1193,87
05/12/2022;1203,16;1204,01;1212,38;1198,36
06/12/2022;1194,07;1203,16;1203,16;1182,46
07/12/2022;1164,93;1194,07;1194,07;1164,88
08/12/2022;1160,27;1164,73;1167,24;1140,84
09/12/2022;1153,21;1160,22;1163,57;1146,01
12/12/2022;1156,21;1153,21;1157,83;1139,82
13/12/2022;1177,89;1156,21;1180,24;1151,75
14/12/2022;1171,79;1178,11;1186,96;1162,05
15/12/2022;1160,95;1171,79;1171,79;1156,51
16/12/2022;1180,04;1160,9;1180,04;1147,75
19/12/2022;1163,9;1180,04;1180,77;1158,1
20/12/2022;1155,48;1163,9;1163,9;1150,55
21/12/2022;1154,17;1155,48;1163,2;1153,01
22/12/2022;1158,32;1154,22;1162,45;1153,62
23/12/2022;1148,88;1158,32;1158,32;1148,88
26/12/2022;1155,56;1148,94;1158,14;1148,94
27/12/2022;1150,4;1155,67;1160,17;1145,97
28/12/2022;1146,11;1150,4;1154,28;1140,89
29/12/2022;1146,98;1146,22;1147,6;1136,15
30/12/2022;1150,98;1147,04;1160,2;1147,04
02/01/2023;1147,55;1151,12;1151,96;1143,35
03/01/2023;1148,82;1147,55;1153,98;1143,23
04/01/2023;1137,31;1148,75;1151,6;1137,15
05/01/2023;1114,4;1137,31;1138,1;1106,14
06/01/2023;1110,66;1114,33;1114,33;1096,6
09/01/2023;1111,33;1110,8;1120,96;1103,15
10/01/2023;1075,98;1111,33;1111,33;1071,49
11/01/2023;1056,63;1075,98;1075,98;1054,35
12/01/2023;1078,08;1056,7;1089,68;1056,7
13/01/2023;1072,92;1078,15;1082,06;1065,78
16/01/2023;1083,22;1072,92;1083,22;1068,64
